Borough,2010 Census FIPS County Code,2010 DCP Borough Code,2010 Census Tract,pop2010,popDensity2010
,,,,,
Bronx,005,2,000100,"11,091",28.4
Bronx,005,2,000200,"4,334",38.5
Bronx,005,2,000400,"5,503",24.4
Bronx,005,2,001600,"5,643",47.1
Bronx,005,2,001900,"1,917",4.7
Bronx,005,2,002000,"8,731",89.3
Bronx,005,2,002300,"4,933",191.0
Bronx,005,2,002400,4,0.0
Bronx,005,2,002500,"5,491",174.1
Bronx,005,2,002701,"3,113",151.6
Bronx,005,2,002702,"4,475",115.1
Bronx,005,2,002800,"5,586",54.1
Bronx,005,2,003100,"1,597",41.4
Bronx,005,2,003300,"3,413",91.6
Bronx,005,2,003500,"3,761",107.2
Bronx,005,2,003700,245,5.9
Bronx,005,2,003800,"1,264",80.7
Bronx,005,2,003900,"6,475",121.2
Bronx,005,2,004001,"1,420",46.7
Bronx,005,2,004100,"6,127",134.2
Bronx,005,2,004200,"7,143",59.8
Bronx,005,2,004300,"5,056",90.8
Bronx,005,2,004400,"4,797",73.7
Bronx,005,2,004600,"1,555",46.5
Bronx,005,2,004800,"3,883",105.9
Bronx,005,2,005001,"4,767",197.1
Bronx,005,2,005002,"5,823",206.9
Bronx,005,2,005100,"5,810",48.1
Bronx,005,2,005200,"2,031",45.0
Bronx,005,2,005300,"4,669",281.3
Bronx,005,2,005400,"5,853",118.6
Bronx,005,2,005600,"2,711",80.6
Bronx,005,2,005902,"2,582",148.6
Bronx,005,2,006000,"1,129",14.0
Bronx,005,2,006100,"3,713",62.0
Bronx,005,2,006200,"6,585",138.1
Bronx,005,2,006300,"5,280",20.8
Bronx,005,2,006400,"3,967",97.7
Bronx,005,2,006500,"5,337",82.3
Bronx,005,2,006700,"6,984",133.1
Bronx,005,2,006800,"2,897",75.0
Bronx,005,2,006900,"7,564",162.8
Bronx,005,2,007000,"4,584",90.5
Bronx,005,2,007100,"1,907",29.2
Bronx,005,2,007200,"5,432",103.4
Bronx,005,2,007300,"3,893",112.4
Bronx,005,2,007400,"3,710",80.2
Bronx,005,2,007500,"4,869",86.5
Bronx,005,2,007600,"5,190",96.7
Bronx,005,2,007700,"1,927",69.1
Bronx,005,2,007800,"6,418",84.5
Bronx,005,2,007900,"6,733",137.7
Bronx,005,2,008300,"6,155",116.4
Bronx,005,2,008400,"2,374",61.3
Bronx,005,2,008500,"5,457",121.6
Bronx,005,2,008600,"4,176",90.1
Bronx,005,2,008700,"5,466",103.6
Bronx,005,2,008900,"3,177",117.4
Bronx,005,2,009000,"3,667",15.3
Bronx,005,2,009200,"5,017",65.8
Bronx,005,2,009300,"6,356",11.2
Bronx,005,2,009600,"2,594",15.0
Bronx,005,2,009800,"5,038",39.5
Bronx,005,2,011000,151,0.3
Bronx,005,2,011502,"4,340",51.3
Bronx,005,2,011700,"1,585",4.7
Bronx,005,2,011800,"5,089",19.0
Bronx,005,2,011900,"5,698",139.2
Bronx,005,2,012101,"3,090",107.5
Bronx,005,2,012102,"1,631",130.0
Bronx,005,2,012300,"4,152",57.7
Bronx,005,2,012500,"3,905",93.6
Bronx,005,2,012701,"2,253",84.7
Bronx,005,2,012901,"4,015",103.9
Bronx,005,2,013000,"1,032",36.0
Bronx,005,2,013100,"5,103",88.9
Bronx,005,2,013200,"5,890",39.5
Bronx,005,2,013300,"6,384",160.3
Bronx,005,2,013500,"3,583",86.6
Bronx,005,2,013800,"3,042",16.2
Bronx,005,2,014100,"3,437",78.5
Bronx,005,2,014300,"1,003",31.3
Bronx,005,2,014400,"5,880",61.5
Bronx,005,2,014500,"5,816",129.7
Bronx,005,2,014701,"6,461",188.2
Bronx,005,2,014702,"5,110",177.8
Bronx,005,2,014900,"4,591",119.7
Bronx,005,2,015100,"5,409",104.5
Bronx,005,2,015200,"2,341",31.2
Bronx,005,2,015300,"4,031",69.9
Bronx,005,2,015500,"3,005",102.4
Bronx,005,2,015700,"3,580",45.3
Bronx,005,2,015800,"1,206",29.9
Bronx,005,2,015900,"2,164",84.7
Bronx,005,2,016000,"3,767",30.8
Bronx,005,2,016100,"4,380",73.5
Bronx,005,2,016200,"1,769",39.6
Bronx,005,2,016300,0,0.0
Bronx,005,2,016400,"1,141",28.1
Bronx,005,2,016500,"1,077",23.2
Bronx,005,2,016600,"2,166",29.0
Bronx,005,2,016700,"2,047",39.8
Bronx,005,2,016900,"1,663",72.4
Bronx,005,2,017100,0,0.0
Bronx,005,2,017300,"5,987",146.6
Bronx,005,2,017500,"6,911",184.5
Bronx,005,2,017701,"4,294",163.0
Bronx,005,2,017702,"4,805",138.2
Bronx,005,2,017901,"4,677",246.7
Bronx,005,2,017902,"3,587",187.2
Bronx,005,2,018101,"3,300",173.0
Bronx,005,2,018102,"5,555",233.2
Bronx,005,2,018301,"4,525",269.8
Bronx,005,2,018302,"3,647",131.4
Bronx,005,2,018400,"3,855",35.0
Bronx,005,2,018500,"7,466",73.3
Bronx,005,2,018900,"7,752",89.7
Bronx,005,2,019300,"5,461",92.5
Bronx,005,2,019400,"1,903",8.8
Bronx,005,2,019500,"7,756",142.8
Bronx,005,2,019700,"7,501",205.1
Bronx,005,2,019900,"8,154",186.0
Bronx,005,2,020000,"4,878",56.3
Bronx,005,2,020100,"4,013",56.9
Bronx,005,2,020200,"2,155",69.9
Bronx,005,2,020400,"2,976",88.9
Bronx,005,2,020501,"6,996",103.4
Bronx,005,2,020502,"1,764",68.6
Bronx,005,2,020601,"3,050",82.1
Bronx,005,2,020900,"4,361",133.2
Bronx,005,2,021001,"8,521",179.2
Bronx,005,2,021002,"6,839",160.2
Bronx,005,2,021100,"5,565",148.1
Bronx,005,2,021200,"5,267",212.4
Bronx,005,2,021301,"1,201",72.5
Bronx,005,2,021302,"5,415",132.8
Bronx,005,2,021501,"3,506",158.1
Bronx,005,2,021502,"6,051",157.5
Bronx,005,2,021601,"4,206",103.7
Bronx,005,2,021602,"5,769",140.7
Bronx,005,2,021700,"5,334",134.7
Bronx,005,2,021800,"6,499",82.0
Bronx,005,2,021900,"1,367",39.1
Bronx,005,2,022000,"1,487",25.9
Bronx,005,2,022101,"3,849",227.2
Bronx,005,2,022102,"5,488",279.3
Bronx,005,2,022200,"3,425",62.6
Bronx,005,2,022300,"5,047",223.1
Bronx,005,2,022401,"2,708",129.1
Bronx,005,2,022403,"3,188",103.3
Bronx,005,2,022404,"4,509",196.8
Bronx,005,2,022500,"7,698",173.7
Bronx,005,2,022701,"5,196",179.7
Bronx,005,2,022702,"1,699",142.7
Bronx,005,2,022703,"1,556",151.7
Bronx,005,2,022800,"6,218",146.1
Bronx,005,2,022901,"5,370",181.7
Bronx,005,2,022902,"3,273",140.8
Bronx,005,2,023000,"2,950",74.9
Bronx,005,2,023100,"1,537",50.9
Bronx,005,2,023200,"2,661",75.5
Bronx,005,2,023301,"4,377",147.3
Bronx,005,2,023302,"3,415",211.8
Bronx,005,2,023501,"3,341",203.1
Bronx,005,2,023502,"4,386",186.2
Bronx,005,2,023600,"1,907",83.7
Bronx,005,2,023702,"1,241",105.5
Bronx,005,2,023703,"5,253",211.3
Bronx,005,2,023704,"3,758",225.4
Bronx,005,2,023800,"2,615",31.0
Bronx,005,2,023900,"8,348",190.9
Bronx,005,2,024000,"3,882",65.7
Bronx,005,2,024100,"6,182",186.0
Bronx,005,2,024300,"5,685",152.0
Bronx,005,2,024400,"2,120",49.3
Bronx,005,2,024501,"4,864",176.9
Bronx,005,2,024502,"3,640",146.5
Bronx,005,2,024600,"2,058",54.6
Bronx,005,2,024700,"1,764",51.0
Bronx,005,2,024800,"3,363",49.0
Bronx,005,2,024900,0,0.0
Bronx,005,2,025000,"2,383",53.1
Bronx,005,2,025100,"6,802",132.3
Bronx,005,2,025200,"2,530",53.7
Bronx,005,2,025300,"6,332",204.1
Bronx,005,2,025400,"1,959",46.7
Bronx,005,2,025500,"6,529",151.5
Bronx,005,2,025600,"1,663",35.6
Bronx,005,2,025700,"1,912",49.2
Bronx,005,2,026100,"1,932",45.1
Bronx,005,2,026300,"6,984",177.9
Bronx,005,2,026400,"4,935",46.9
Bronx,005,2,026500,"6,942",140.5
Bronx,005,2,026601,"2,911",70.0
Bronx,005,2,026602,"5,301",70.3
Bronx,005,2,026701,"4,037",228.9
Bronx,005,2,026702,"7,040",172.1
Bronx,005,2,026900,"3,777",39.7
Bronx,005,2,027300,"7,942",150.7
Bronx,005,2,027401,"4,785",27.5
Bronx,005,2,027402,"3,386",28.2
Bronx,005,2,027600,473,1.3
Bronx,005,2,027700,"5,065",119.2
Bronx,005,2,027900,"6,966",106.5
Bronx,005,2,028100,"3,794",119.2
Bronx,005,2,028300,"3,149",53.6
Bronx,005,2,028400,894,3.2
Bronx,005,2,028500,"3,307",50.4
Bronx,005,2,028600,"1,191",25.1
Bronx,005,2,028700,"3,178",82.8
Bronx,005,2,028800,"3,097",37.3
Bronx,005,2,028900,"4,502",91.9
Bronx,005,2,029301,"1,875",26.2
Bronx,005,2,029302,"5,052",48.2
Bronx,005,2,029500,"4,240",73.6
Bronx,005,2,029600,"2,549",14.2
Bronx,005,2,029700,"3,554",59.8
Bronx,005,2,030000,"5,838",56.9
Bronx,005,2,030100,"1,304",36.6
Bronx,005,2,030200,"8,887",81.0
Bronx,005,2,030701,"5,378",55.8
Bronx,005,2,030900,"3,891",11.5
Bronx,005,2,031000,"4,415",28.2
Bronx,005,2,031200,"1,524",30.4
Bronx,005,2,031400,"1,966",37.8
Bronx,005,2,031600,"1,863",42.6
Bronx,005,2,031800,"1,810",41.1
Bronx,005,2,031900,751,14.3
Bronx,005,2,032300,"4,904",35.9
Bronx,005,2,032400,"2,957",44.6
Bronx,005,2,032600,"3,154",38.5
Bronx,005,2,032800,"3,979",78.7
Bronx,005,2,033000,"5,696",111.8
Bronx,005,2,033201,"4,115",146.0
Bronx,005,2,033202,"4,167",146.4
Bronx,005,2,033400,"1,351",1.8
Bronx,005,2,033500,"2,178",12.7
Bronx,005,2,033600,"6,188",135.8
Bronx,005,2,033700,"2,357",22.0
Bronx,005,2,033800,"3,818",95.7
Bronx,005,2,034000,"4,618",118.0
Bronx,005,2,034200,"1,675",43.2
Bronx,005,2,034300,"1,649",55.0
Bronx,005,2,034400,"1,736",44.7
Bronx,005,2,034500,"3,566",53.1
Bronx,005,2,034800,"6,129",56.7
Bronx,005,2,035000,"1,925",40.7
Bronx,005,2,035100,"3,186",22.9
Bronx,005,2,035600,"2,027",20.5
Bronx,005,2,035800,"7,166",44.4
Bronx,005,2,035900,"2,061",66.1
Bronx,005,2,036000,"2,706",41.1
Bronx,005,2,036100,"6,019",150.1
Bronx,005,2,036300,"7,509",136.3
Bronx,005,2,036400,"2,557",51.2
Bronx,005,2,036501,"3,965",170.2
Bronx,005,2,036502,"2,423",99.9
Bronx,005,2,036700,"2,599",113.3
Bronx,005,2,036800,"2,011",48.0
Bronx,005,2,036901,"2,005",86.6
Bronx,005,2,036902,"2,119",125.7
Bronx,005,2,037000,"2,303",58.7
Bronx,005,2,037100,"4,241",86.6
Bronx,005,2,037200,"2,222",48.2
Bronx,005,2,037300,"5,318",124.1
Bronx,005,2,037400,"3,441",83.4
Bronx,005,2,037504,"3,677",62.2
Bronx,005,2,037600,"2,148",68.8
Bronx,005,2,037800,"3,048",95.0
Bronx,005,2,037900,"5,093",107.2
Bronx,005,2,038000,"4,585",86.2
Bronx,005,2,038100,"6,382",173.1
Bronx,005,2,038200,"2,596",66.9
Bronx,005,2,038301,"4,797",204.1
Bronx,005,2,038302,"6,106",170.3
Bronx,005,2,038500,"4,758",100.8
Bronx,005,2,038600,"7,409",73.2
Bronx,005,2,038700,"3,216",71.0
Bronx,005,2,038800,"2,606",71.0
Bronx,005,2,038900,"5,325",124.1
Bronx,005,2,039000,"2,975",66.3
Bronx,005,2,039100,"6,992",137.1
Bronx,005,2,039200,"1,781",75.0
Bronx,005,2,039300,"8,143",180.6
Bronx,005,2,039400,"4,573",127.5
Bronx,005,2,039500,"4,146",40.9
Bronx,005,2,039600,"3,756",68.1
Bronx,005,2,039700,"3,702",28.7
Bronx,005,2,039800,"3,090",61.9
Bronx,005,2,039901,"5,228",138.3
Bronx,005,2,039902,"5,279",174.2
Bronx,005,2,040100,"4,593",109.1
Bronx,005,2,040302,"4,386",282.8
Bronx,005,2,040303,"4,478",208.6
Bronx,005,2,040304,"3,794",228.0
Bronx,005,2,040400,"3,016",56.7
Bronx,005,2,040501,"4,397",219.3
Bronx,005,2,040502,"6,863",196.6
Bronx,005,2,040600,"3,490",63.2
Bronx,005,2,040701,"3,347",232.6
Bronx,005,2,040702,"6,652",148.0
Bronx,005,2,040800,"4,263",136.9
Bronx,005,2,040900,"3,637",17.9
Bronx,005,2,041100,"2,931",98.2
Bronx,005,2,041300,"7,384",172.0
Bronx,005,2,041400,"5,027",38.9
Bronx,005,2,041500,"5,461",162.3
Bronx,005,2,041800,"3,598",54.1
Bronx,005,2,041900,"6,734",83.4
Bronx,005,2,042000,"3,850",103.5
Bronx,005,2,042100,"5,922",96.3
Bronx,005,2,042200,"3,086",71.6
Bronx,005,2,042300,"4,100",91.6
Bronx,005,2,042400,"2,481",57.3
Bronx,005,2,042500,"6,793",94.5
Bronx,005,2,042600,"6,387",50.9
Bronx,005,2,042800,"2,173",52.0
Bronx,005,2,042901,"3,420",135.3
Bronx,005,2,042902,"3,845",161.7
Bronx,005,2,043000,"2,898",56.9
Bronx,005,2,043100,"9,680",182.7
Bronx,005,2,043400,"3,592",41.4
Bronx,005,2,043500,39,0.0
Bronx,005,2,043600,"2,032",53.2
Bronx,005,2,044200,"3,555",60.2
Bronx,005,2,044400,"3,878",43.0
Bronx,005,2,044800,"2,026",48.8
Bronx,005,2,044901,"1,818",46.5
Bronx,005,2,044902,"1,949",50.3
Bronx,005,2,045101,"1,656",38.3
Bronx,005,2,045102,"1,894",37.0
Bronx,005,2,045600,"2,896",14.2
Bronx,005,2,045800,"6,123",103.4
Bronx,005,2,046000,"2,741",38.5
Bronx,005,2,046201,"26,588",51.7
Bronx,005,2,046202,"8,277",35.4
Bronx,005,2,048400,"3,598",20.8
Bronx,005,2,050400,39,0.0
Bronx,005,2,051600,"4,362",10.8
Brooklyn,047,3,000100,"4,338",78.6
Brooklyn,047,3,000200,"1,470",20.4
Brooklyn,047,3,000301,"4,259",80.2
Brooklyn,047,3,000501,"4,247",205.3
Brooklyn,047,3,000502,"2,512",105.0
Brooklyn,047,3,000700,"3,359",78.0
Brooklyn,047,3,000900,"4,172",104.6
Brooklyn,047,3,001100,84,2.0
Brooklyn,047,3,001300,"2,275",31.5
Brooklyn,047,3,001500,"3,521",46.6
Brooklyn,047,3,001800,"2,105",3.6
Brooklyn,047,3,002000,"1,672",43.9
Brooklyn,047,3,002100,"3,604",29.5
Brooklyn,047,3,002200,"4,613",55.6
Brooklyn,047,3,002300,"4,247",94.4
Brooklyn,047,3,002901,"3,218",125.6
Brooklyn,047,3,003000,"1,730",62.5
Brooklyn,047,3,003100,"2,472",34.7
Brooklyn,047,3,003300,"2,327",57.2
Brooklyn,047,3,003400,"3,047",26.2
Brooklyn,047,3,003500,"1,554",47.3
Brooklyn,047,3,003600,"3,804",122.9
Brooklyn,047,3,003700,390,9.4
Brooklyn,047,3,003800,"1,498",46.5
Brooklyn,047,3,003900,"2,229",57.5
Brooklyn,047,3,004100,"3,598",89.9
Brooklyn,047,3,004300,"3,008",73.2
Brooklyn,047,3,004400,"2,359",22.2
Brooklyn,047,3,004500,"3,325",78.9
Brooklyn,047,3,004600,"1,199",16.2
Brooklyn,047,3,004700,"1,445",17.7
Brooklyn,047,3,004900,"2,516",104.4
Brooklyn,047,3,005000,"2,276",37.8
Brooklyn,047,3,005100,"2,171",48.4
Brooklyn,047,3,005201,"1,829",51.6
Brooklyn,047,3,005202,"2,481",67.8
Brooklyn,047,3,005300,"1,888",4.6
Brooklyn,047,3,005400,"3,139",76.2
Brooklyn,047,3,005601,"2,505",56.5
Brooklyn,047,3,005602,"1,586",39.3
Brooklyn,047,3,005800,"3,152",66.0
Brooklyn,047,3,005900,"1,384",15.7
Brooklyn,047,3,006000,"2,826",75.1
Brooklyn,047,3,006200,"2,853",71.1
Brooklyn,047,3,006300,"1,892",75.9
Brooklyn,047,3,006400,"3,478",69.3
Brooklyn,047,3,006500,"5,191",83.7
Brooklyn,047,3,006600,"3,663",96.4
Brooklyn,047,3,006700,"3,301",85.6
Brooklyn,047,3,006800,"4,870",106.2
Brooklyn,047,3,006900,"3,537",79.9
Brooklyn,047,3,007000,"2,344",64.4
Brooklyn,047,3,007100,"4,495",108.6
Brooklyn,047,3,007200,"1,946",119.8
Brooklyn,047,3,007400,"5,451",153.5
Brooklyn,047,3,007500,"4,383",62.7
Brooklyn,047,3,007600,"4,412",128.7
Brooklyn,047,3,007700,"3,901",40.3
Brooklyn,047,3,007800,"5,068",148.5
Brooklyn,047,3,008000,"4,169",124.6
Brooklyn,047,3,008200,"4,141",124.4
Brooklyn,047,3,008400,"3,299",56.2
Brooklyn,047,3,008500,"6,956",115.6
Brooklyn,047,3,008600,0,0.0
Brooklyn,047,3,008800,"3,207",68.5
Brooklyn,047,3,009000,"2,994",81.6
Brooklyn,047,3,009200,"5,388",192.6
Brooklyn,047,3,009400,"5,805",155.5
Brooklyn,047,3,009600,"6,126",164.5
Brooklyn,047,3,009800,"7,024",188.3
Brooklyn,047,3,010000,"6,737",180.6
Brooklyn,047,3,010100,"4,093",53.5
Brooklyn,047,3,010200,"5,622",149.2
Brooklyn,047,3,010400,"5,908",157.0
Brooklyn,047,3,010600,"5,851",156.9
Brooklyn,047,3,010800,"5,280",141.5
Brooklyn,047,3,011000,"2,441",62.5
Brooklyn,047,3,011200,"6,436",152.0
Brooklyn,047,3,011400,"3,976",95.9
Brooklyn,047,3,011600,"4,816",121.6
Brooklyn,047,3,011700,"2,364",47.2
Brooklyn,047,3,011800,"2,253",41.6
Brooklyn,047,3,011900,"1,530",9.4
Brooklyn,047,3,012000,"1,268",26.6
Brooklyn,047,3,012100,"1,619",44.2
Brooklyn,047,3,012200,"5,339",112.9
Brooklyn,047,3,012600,"2,652",47.4
Brooklyn,047,3,012700,"3,507",86.9
Brooklyn,047,3,012801,"2,117",74.5
Brooklyn,047,3,012901,"2,159",63.8
Brooklyn,047,3,012902,"1,964",62.5
Brooklyn,047,3,013000,"4,792",109.9
Brooklyn,047,3,013100,"3,828",99.1
Brooklyn,047,3,013200,"2,239",58.6
Brooklyn,047,3,013300,"3,730",101.6
Brooklyn,047,3,013400,"3,907",58.9
Brooklyn,047,3,013500,"3,596",95.8
Brooklyn,047,3,013600,"3,927",73.6
Brooklyn,047,3,013700,"3,057",81.2
Brooklyn,047,3,013800,"3,168",78.9
Brooklyn,047,3,013900,"3,481",93.1
Brooklyn,047,3,014000,"1,826",50.5
Brooklyn,047,3,014100,"3,017",73.8
Brooklyn,047,3,014200,"3,223",64.7
Brooklyn,047,3,014300,"3,487",65.0
Brooklyn,047,3,014500,"4,179",77.4
Brooklyn,047,3,014700,"2,084",78.0
Brooklyn,047,3,014800,"1,209",36.7
Brooklyn,047,3,014900,"4,976",81.5
Brooklyn,047,3,015000,"1,574",47.7
Brooklyn,047,3,015100,"3,578",97.0
Brooklyn,047,3,015200,"2,309",35.0
Brooklyn,047,3,015300,"3,041",81.8
Brooklyn,047,3,015400,0,0.0
Brooklyn,047,3,015500,"3,272",88.5
Brooklyn,047,3,015700,"4,135",100.0
Brooklyn,047,3,015900,"5,036",81.3
Brooklyn,047,3,016000,"4,217",65.9
Brooklyn,047,3,016100,"3,075",68.2
Brooklyn,047,3,016200,"2,082",34.9
Brooklyn,047,3,016300,"2,991",65.8
Brooklyn,047,3,016400,764,3.9
Brooklyn,047,3,016500,"5,141",111.6
Brooklyn,047,3,016600,"2,059",31.2
Brooklyn,047,3,016700,"4,638",111.1
Brooklyn,047,3,016800,"1,510",35.6
Brooklyn,047,3,016900,"4,497",86.9
Brooklyn,047,3,017000,"3,254",63.0
Brooklyn,047,3,017100,"3,749",72.9
Brooklyn,047,3,017200,"2,931",57.5
Brooklyn,047,3,017400,"1,793",42.6
Brooklyn,047,3,017500,5,0.0
Brooklyn,047,3,017600,"2,295",65.2
Brooklyn,047,3,017700,0,0.0
Brooklyn,047,3,017800,"2,898",71.5
Brooklyn,047,3,017900,"3,624",92.3
Brooklyn,047,3,018000,"3,193",73.4
Brooklyn,047,3,018100,"3,936",94.3
Brooklyn,047,3,018200,"3,163",77.4
Brooklyn,047,3,018300,"2,500",73.7
Brooklyn,047,3,018400,"2,002",54.3
Brooklyn,047,3,018501,"3,827",148.0
Brooklyn,047,3,018600,"2,124",76.0
Brooklyn,047,3,018700,"1,411",70.6
Brooklyn,047,3,018800,"2,640",61.0
Brooklyn,047,3,019000,"4,782",90.9
Brooklyn,047,3,019100,"2,332",37.7
Brooklyn,047,3,019200,"2,772",59.1
Brooklyn,047,3,019300,"5,628",84.4
Brooklyn,047,3,019400,"3,305",75.0
Brooklyn,047,3,019500,"3,366",99.4
Brooklyn,047,3,019600,"4,353",93.6
Brooklyn,047,3,019700,"3,313",78.9
Brooklyn,047,3,019800,"1,702",51.1
Brooklyn,047,3,019900,"2,929",62.7
Brooklyn,047,3,020000,"2,265",68.0
Brooklyn,047,3,020100,"3,421",78.9
Brooklyn,047,3,020200,"1,874",56.2
Brooklyn,047,3,020300,"1,697",48.8
Brooklyn,047,3,020400,"1,708",51.3
Brooklyn,047,3,020500,"2,469",62.6
Brooklyn,047,3,020600,"2,220",52.7
Brooklyn,047,3,020700,"4,310",125.7
Brooklyn,047,3,020800,"3,048",86.1
Brooklyn,047,3,021000,"3,968",107.0
Brooklyn,047,3,021100,"1,210",25.4
Brooklyn,047,3,021200,"4,643",98.5
Brooklyn,047,3,021300,"4,205",92.4
Brooklyn,047,3,021400,"2,152",51.8
Brooklyn,047,3,021500,"5,307",139.0
Brooklyn,047,3,021600,"4,015",96.6
Brooklyn,047,3,021700,"3,597",121.6
Brooklyn,047,3,021800,"3,761",96.4
Brooklyn,047,3,021900,"3,595",98.9
Brooklyn,047,3,022000,"4,939",102.9
Brooklyn,047,3,022100,"3,609",97.4
Brooklyn,047,3,022200,"4,693",107.8
Brooklyn,047,3,022400,"5,486",126.5
Brooklyn,047,3,022600,"2,516",65.2
Brooklyn,047,3,022700,"3,454",58.1
Brooklyn,047,3,022800,"3,306",79.9
Brooklyn,047,3,022900,"3,395",80.0
Brooklyn,047,3,023000,"4,515",121.0
Brooklyn,047,3,023100,"3,025",76.8
Brooklyn,047,3,023200,"5,699",101.9
Brooklyn,047,3,023300,"5,061",119.2
Brooklyn,047,3,023400,"5,059",120.6
Brooklyn,047,3,023500,"3,928",112.3
Brooklyn,047,3,023600,"5,600",133.4
Brooklyn,047,3,023800,"4,590",109.3
Brooklyn,047,3,024000,"4,693",111.9
Brooklyn,047,3,024100,"2,229",50.1
Brooklyn,047,3,024200,"2,984",63.1
Brooklyn,047,3,024300,"3,786",99.3
Brooklyn,047,3,024400,"3,238",84.4
Brooklyn,047,3,024500,"3,946",95.7
Brooklyn,047,3,024600,"3,256",76.2
Brooklyn,047,3,024700,"2,316",51.5
Brooklyn,047,3,024800,"2,698",62.0
Brooklyn,047,3,024900,"3,823",91.8
Brooklyn,047,3,025000,"1,722",40.2
Brooklyn,047,3,025100,"3,816",111.5
Brooklyn,047,3,025200,"4,786",106.9
Brooklyn,047,3,025300,"2,754",68.9
Brooklyn,047,3,025400,"3,500",80.7
Brooklyn,047,3,025500,"5,102",148.9
Brooklyn,047,3,025600,"3,058",71.4
Brooklyn,047,3,025700,"2,131",47.6
Brooklyn,047,3,025800,"4,597",109.3
Brooklyn,047,3,025901,"2,010",101.4
Brooklyn,047,3,025902,"3,419",232.1
Brooklyn,047,3,026000,"3,649",90.7
Brooklyn,047,3,026100,"4,917",99.8
Brooklyn,047,3,026200,"2,374",60.9
Brooklyn,047,3,026300,"1,868",63.2
Brooklyn,047,3,026400,"4,592",98.1
Brooklyn,047,3,026500,"3,838",97.3
Brooklyn,047,3,026600,"3,733",91.1
Brooklyn,047,3,026700,"3,920",99.4
Brooklyn,047,3,026800,"4,188",94.7
Brooklyn,047,3,026900,"2,770",83.7
Brooklyn,047,3,027000,"2,449",74.0
Brooklyn,047,3,027100,"2,471",38.2
Brooklyn,047,3,027200,"3,480",106.6
Brooklyn,047,3,027300,"2,813",76.0
Brooklyn,047,3,027400,"3,028",75.0
Brooklyn,047,3,027500,"4,180",104.4
Brooklyn,047,3,027600,"3,694",100.1
Brooklyn,047,3,027700,"3,945",98.5
Brooklyn,047,3,027800,"3,220",81.2
Brooklyn,047,3,027900,"3,674",91.8
Brooklyn,047,3,028000,"1,761",48.8
Brooklyn,047,3,028100,"4,193",104.8
Brooklyn,047,3,028200,"2,943",65.9
Brooklyn,047,3,028300,"4,097",136.0
Brooklyn,047,3,028400,"4,003",98.6
Brooklyn,047,3,028501,428,20.8
Brooklyn,047,3,028502,"2,802",94.6
Brooklyn,047,3,028600,"4,814",109.4
Brooklyn,047,3,028700,"2,991",81.2
Brooklyn,047,3,028800,"3,458",91.6
Brooklyn,047,3,028900,"3,538",86.5
Brooklyn,047,3,029000,"3,920",102.5
Brooklyn,047,3,029100,"3,101",76.2
Brooklyn,047,3,029200,"2,539",51.6
Brooklyn,047,3,029300,"3,106",76.4
Brooklyn,047,3,029400,"2,321",49.7
Brooklyn,047,3,029500,"3,425",84.2
Brooklyn,047,3,029600,"5,546",104.8
Brooklyn,047,3,029700,"3,344",65.8
Brooklyn,047,3,029800,"3,717",68.1
Brooklyn,047,3,029900,"2,579",72.7
Brooklyn,047,3,030000,"4,120",85.5
Brooklyn,047,3,030100,"2,750",57.2
Brooklyn,047,3,030200,"4,214",80.7
Brooklyn,047,3,030300,"4,458",71.1
Brooklyn,047,3,030400,"4,281",37.9
Brooklyn,047,3,030500,"5,549",69.6
Brooklyn,047,3,030600,"2,005",41.9
Brooklyn,047,3,030700,"4,544",69.2
Brooklyn,047,3,030800,"1,949",11.5
Brooklyn,047,3,030900,"1,754",49.8
Brooklyn,047,3,031100,"2,833",78.6
Brooklyn,047,3,031300,"4,648",108.1
Brooklyn,047,3,031400,"4,544",21.1
Brooklyn,047,3,031500,"5,175",116.5
Brooklyn,047,3,031701,"3,433",99.4
Brooklyn,047,3,031702,"3,363",97.4
Brooklyn,047,3,031900,"3,508",93.8
Brooklyn,047,3,032100,"5,001",126.4
Brooklyn,047,3,032300,"3,554",83.1
Brooklyn,047,3,032500,"6,405",153.9
Brooklyn,047,3,032600,"6,948",85.5
Brooklyn,047,3,032700,"2,924",66.8
Brooklyn,047,3,032800,"3,138",54.5
Brooklyn,047,3,032900,"5,582",144.4
Brooklyn,047,3,033000,"4,587",54.8
Brooklyn,047,3,033100,"4,520",128.4
Brooklyn,047,3,033300,"4,085",88.7
Brooklyn,047,3,033500,"3,139",70.3
Brooklyn,047,3,033600,"4,759",28.4
Brooklyn,047,3,033700,"4,105",84.1
Brooklyn,047,3,033900,"4,376",98.0
Brooklyn,047,3,034000,"2,248",70.1
Brooklyn,047,3,034100,"2,607",75.5
Brooklyn,047,3,034200,"6,502",114.4
Brooklyn,047,3,034300,"5,281",131.8
Brooklyn,047,3,034500,"2,647",65.5
Brooklyn,047,3,034700,"3,228",93.5
Brooklyn,047,3,034800,"2,537",17.8
Brooklyn,047,3,034900,"5,403",134.0
Brooklyn,047,3,035000,"3,296",67.9
Brooklyn,047,3,035100,"4,597",114.1
Brooklyn,047,3,035200,"1,246",5.4
Brooklyn,047,3,035300,"5,161",128.1
Brooklyn,047,3,035400,"6,271",66.9
Brooklyn,047,3,035500,"5,253",153.6
Brooklyn,047,3,035601,"2,912",183.3
Brooklyn,047,3,035602,"5,271",122.0
Brooklyn,047,3,035700,"2,506",55.9
Brooklyn,047,3,035900,"5,685",124.9
Brooklyn,047,3,036001,"3,217",137.1
Brooklyn,047,3,036002,"3,930",184.9
Brooklyn,047,3,036100,"2,608",76.2
Brooklyn,047,3,036200,"4,204",99.4
Brooklyn,047,3,036300,"4,108",64.0
Brooklyn,047,3,036400,"2,405",67.9
Brooklyn,047,3,036501,"2,624",84.0
Brooklyn,047,3,036502,"1,255",42.2
Brooklyn,047,3,036600,"4,767",83.0
Brooklyn,047,3,036700,"1,305",28.5
Brooklyn,047,3,036900,"4,923",87.9
Brooklyn,047,3,037000,"4,085",48.9
Brooklyn,047,3,037100,"4,120",88.1
Brooklyn,047,3,037300,"3,784",89.6
Brooklyn,047,3,037401,"4,301",77.2
Brooklyn,047,3,037402,"4,573",61.5
Brooklyn,047,3,037500,"2,910",74.2
Brooklyn,047,3,037700,"3,660",77.9
Brooklyn,047,3,037900,"3,706",81.6
Brooklyn,047,3,038100,"4,763",80.5
Brooklyn,047,3,038200,"5,943",103.2
Brooklyn,047,3,038300,"3,931",91.1
Brooklyn,047,3,038500,"3,422",79.4
Brooklyn,047,3,038600,"3,477",56.0
Brooklyn,047,3,038700,"4,010",86.2
Brooklyn,047,3,038800,"3,841",78.5
Brooklyn,047,3,038900,"2,773",68.9
Brooklyn,047,3,039000,"2,282",53.1
Brooklyn,047,3,039100,"2,303",56.1
Brooklyn,047,3,039200,"2,756",63.9
Brooklyn,047,3,039300,"3,549",75.7
Brooklyn,047,3,039400,"2,441",51.4
Brooklyn,047,3,039500,"3,380",85.6
Brooklyn,047,3,039600,"2,126",52.7
Brooklyn,047,3,039700,"3,389",86.2
Brooklyn,047,3,039800,"2,644",52.7
Brooklyn,047,3,039900,"3,823",102.3
Brooklyn,047,3,040000,"3,069",64.7
Brooklyn,047,3,040100,"3,518",89.2
Brooklyn,047,3,040200,"2,740",56.1
Brooklyn,047,3,040300,"3,538",68.1
Brooklyn,047,3,040400,"2,551",67.2
Brooklyn,047,3,040500,"1,480",43.4
Brooklyn,047,3,040600,"3,184",87.6
Brooklyn,047,3,040700,14,0.1
Brooklyn,047,3,040800,"3,566",94.4
Brooklyn,047,3,040900,"3,752",90.3
Brooklyn,047,3,041000,"1,773",50.2
Brooklyn,047,3,041100,"3,302",99.0
Brooklyn,047,3,041200,"2,929",71.7
Brooklyn,047,3,041300,"3,822",95.4
Brooklyn,047,3,041401,"1,351",40.5
Brooklyn,047,3,041402,"1,612",42.4
Brooklyn,047,3,041500,"4,064",101.1
Brooklyn,047,3,041600,"2,324",57.9
Brooklyn,047,3,041700,"3,609",103.5
Brooklyn,047,3,041800,"2,359",58.1
Brooklyn,047,3,041900,"3,770",99.7
Brooklyn,047,3,042000,"1,896",45.5
Brooklyn,047,3,042100,"3,920",103.4
Brooklyn,047,3,042200,"3,568",63.4
Brooklyn,047,3,042300,"4,217",93.6
Brooklyn,047,3,042400,"3,666",92.1
Brooklyn,047,3,042500,"3,042",73.4
Brooklyn,047,3,042600,"4,135",98.4
Brooklyn,047,3,042700,"5,074",137.7
Brooklyn,047,3,042800,"3,857",94.8
Brooklyn,047,3,042900,"5,630",135.5
Brooklyn,047,3,043000,"3,333",84.3
Brooklyn,047,3,043100,"5,113",123.0
Brooklyn,047,3,043200,"4,250",115.6
Brooklyn,047,3,043300,"4,064",97.8
Brooklyn,047,3,043400,"3,433",99.5
Brooklyn,047,3,043500,"4,463",107.4
Brooklyn,047,3,043600,"4,160",122.4
Brooklyn,047,3,043700,"5,240",126.9
Brooklyn,047,3,043800,"2,481",64.3
Brooklyn,047,3,043900,"3,829",77.7
Brooklyn,047,3,044000,"2,880",57.8
Brooklyn,047,3,044100,"5,643",161.0
Brooklyn,047,3,044200,"2,658",58.8
Brooklyn,047,3,044300,"5,557",135.1
Brooklyn,047,3,044400,"3,336",77.3
Brooklyn,047,3,044500,"4,446",108.3
Brooklyn,047,3,044600,"1,909",54.6
Brooklyn,047,3,044700,"2,310",58.7
Brooklyn,047,3,044800,"1,915",35.4
Brooklyn,047,3,044900,"2,932",5.6
Brooklyn,047,3,045000,673,12.0
Brooklyn,047,3,045200,"2,701",58.7
Brooklyn,047,3,045300,"2,017",25.5
Brooklyn,047,3,045400,"1,852",56.6
Brooklyn,047,3,045600,"2,357",62.1
Brooklyn,047,3,045800,"1,490",33.6
Brooklyn,047,3,046000,"3,729",77.0
Brooklyn,047,3,046201,"2,632",83.0
Brooklyn,047,3,046202,"1,803",41.2
Brooklyn,047,3,046400,"2,838",67.9
Brooklyn,047,3,046800,"2,054",29.0
Brooklyn,047,3,047000,"2,886",64.2
Brooklyn,047,3,047200,"3,141",73.6
Brooklyn,047,3,047400,"2,969",68.3
Brooklyn,047,3,047600,"3,646",71.2
Brooklyn,047,3,047700,"3,318",61.2
Brooklyn,047,3,047800,"4,848",88.7
Brooklyn,047,3,048000,"3,769",99.0
Brooklyn,047,3,048100,"2,778",74.3
Brooklyn,047,3,048200,"5,331",110.2
Brooklyn,047,3,048400,"5,481",106.0
Brooklyn,047,3,048500,"2,510",17.5
Brooklyn,047,3,048600,"3,568",82.3
Brooklyn,047,3,048800,"4,395",124.1
Brooklyn,047,3,048900,"4,039",178.4
Brooklyn,047,3,049000,"5,899",123.9
Brooklyn,047,3,049100,"6,418",121.9
Brooklyn,047,3,049200,"3,495",85.6
Brooklyn,047,3,049300,"7,625",135.3
Brooklyn,047,3,049400,"5,308",117.3
Brooklyn,047,3,049500,"2,603",81.6
Brooklyn,047,3,049600,"4,513",90.0
Brooklyn,047,3,049700,"2,645",64.8
Brooklyn,047,3,049800,"4,232",83.8
Brooklyn,047,3,049900,"1,753",50.3
Brooklyn,047,3,050000,"3,474",70.8
Brooklyn,047,3,050100,"2,786",64.7
Brooklyn,047,3,050202,"2,201",64.2
Brooklyn,047,3,050300,"2,582",83.4
Brooklyn,047,3,050400,"4,527",78.8
Brooklyn,047,3,050500,"4,163",99.5
Brooklyn,047,3,050600,"6,016",147.8
Brooklyn,047,3,050700,"2,288",53.0
Brooklyn,047,3,050801,"4,080",211.1
Brooklyn,047,3,050803,"2,464",177.8
Brooklyn,047,3,050804,"6,250",245.3
Brooklyn,047,3,050900,"3,694",105.4
Brooklyn,047,3,051001,"3,926",206.5
Brooklyn,047,3,051002,"4,725",178.6
Brooklyn,047,3,051100,"3,933",100.1
Brooklyn,047,3,051200,"6,398",185.1
Brooklyn,047,3,051300,"4,332",67.6
Brooklyn,047,3,051400,"7,366",164.6
Brooklyn,047,3,051500,"1,372",29.7
Brooklyn,047,3,051601,"5,732",199.9
Brooklyn,047,3,051602,"4,028",179.1
Brooklyn,047,3,051700,"1,735",37.5
Brooklyn,047,3,051800,"3,415",68.6
Brooklyn,047,3,051900,"3,564",52.7
Brooklyn,047,3,052000,"4,228",89.8
Brooklyn,047,3,052300,"5,469",155.8
Brooklyn,047,3,052500,"3,499",112.9
Brooklyn,047,3,052600,"4,357",104.1
Brooklyn,047,3,052700,"6,629",140.7
Brooklyn,047,3,052800,"1,818",41.9
Brooklyn,047,3,052900,"3,979",92.1
Brooklyn,047,3,053000,"3,465",80.9
Brooklyn,047,3,053100,"7,027",176.0
Brooklyn,047,3,053200,"2,579",59.9
Brooklyn,047,3,053300,"6,566",137.1
Brooklyn,047,3,053400,"4,383",102.3
Brooklyn,047,3,053500,"4,348",135.7
Brooklyn,047,3,053700,"3,575",86.4
Brooklyn,047,3,053800,"4,473",110.1
Brooklyn,047,3,053900,"2,756",110.0
Brooklyn,047,3,054200,"4,450",95.2
Brooklyn,047,3,054300,327,1.3
Brooklyn,047,3,054400,"3,406",72.5
Brooklyn,047,3,054500,"8,008",193.2
Brooklyn,047,3,054600,"4,346",97.4
Brooklyn,047,3,054700,"5,245",126.0
Brooklyn,047,3,054800,"1,989",46.5
Brooklyn,047,3,054900,"3,122",64.8
Brooklyn,047,3,055000,"3,551",79.9
Brooklyn,047,3,055100,"4,597",80.3
Brooklyn,047,3,055200,"3,498",84.4
Brooklyn,047,3,055300,"2,596",67.2
Brooklyn,047,3,055400,"4,216",100.8
Brooklyn,047,3,055500,"1,959",30.3
Brooklyn,047,3,055600,"3,712",77.8
Brooklyn,047,3,055700,"1,655",23.7
Brooklyn,047,3,055800,"2,390",56.4
Brooklyn,047,3,056000,"3,493",76.5
Brooklyn,047,3,056100,"3,295",39.0
Brooklyn,047,3,056200,"1,654",39.2
Brooklyn,047,3,056300,"4,360",45.3
Brooklyn,047,3,056400,"2,451",54.1
Brooklyn,047,3,056500,"3,255",52.4
Brooklyn,047,3,056600,"2,419",57.1
Brooklyn,047,3,056800,"1,314",45.1
Brooklyn,047,3,056900,"1,630",51.6
Brooklyn,047,3,057000,"3,384",52.2
Brooklyn,047,3,057100,"4,400",101.2
Brooklyn,047,3,057200,"5,443",90.4
Brooklyn,047,3,057300,"2,608",62.0
Brooklyn,047,3,057400,"2,657",67.5
Brooklyn,047,3,057500,"4,249",91.8
Brooklyn,047,3,057600,"2,918",74.5
Brooklyn,047,3,057800,"3,176",74.6
Brooklyn,047,3,057900,"1,117",6.7
Brooklyn,047,3,058000,"3,365",85.8
Brooklyn,047,3,058200,"2,967",74.3
Brooklyn,047,3,058400,"3,620",77.8
Brooklyn,047,3,058600,"2,519",62.4
Brooklyn,047,3,058800,"3,245",82.3
Brooklyn,047,3,058900,"1,904",17.7
Brooklyn,047,3,059000,"1,899",48.5
Brooklyn,047,3,059100,"3,920",83.2
Brooklyn,047,3,059200,"3,870",71.4
Brooklyn,047,3,059300,"2,228",47.9
Brooklyn,047,3,059401,"7,628",73.4
Brooklyn,047,3,059402,"4,551",57.1
Brooklyn,047,3,059600,"2,306",53.9
Brooklyn,047,3,059800,"3,427",69.6
Brooklyn,047,3,060000,"6,067",55.8
Brooklyn,047,3,060600,"2,555",57.2
Brooklyn,047,3,060800,"3,574",36.2
Brooklyn,047,3,061002,"4,508",82.3
Brooklyn,047,3,061003,"1,984",100.9
Brooklyn,047,3,061004,"6,447",116.1
Brooklyn,047,3,061200,"1,076",22.0
Brooklyn,047,3,061600,"1,656",9.1
Brooklyn,047,3,062000,"1,850",23.2
Brooklyn,047,3,062200,"3,252",54.1
Brooklyn,047,3,062600,"2,788",35.5
Brooklyn,047,3,062800,"5,226",27.0
Brooklyn,047,3,063200,"1,447",49.9
Brooklyn,047,3,063600,"1,236",43.8
Brooklyn,047,3,063800,"1,524",44.3
Brooklyn,047,3,064000,"1,599",42.2
Brooklyn,047,3,064200,"2,518",43.3
Brooklyn,047,3,064400,"2,528",51.3
Brooklyn,047,3,064600,"2,189",53.5
Brooklyn,047,3,064800,"1,945",51.9
Brooklyn,047,3,065000,"1,389",33.8
Brooklyn,047,3,065200,"1,232",28.5
Brooklyn,047,3,065400,"1,607",42.9
Brooklyn,047,3,065600,"1,708",45.0
Brooklyn,047,3,065800,"1,762",46.5
Brooklyn,047,3,066000,"1,773",47.1
Brooklyn,047,3,066200,"1,411",24.7
Brooklyn,047,3,066600,0,0.0
Brooklyn,047,3,067000,"2,680",52.1
Brooklyn,047,3,067200,"1,422",33.0
Brooklyn,047,3,067400,"1,964",42.0
Brooklyn,047,3,067600,"1,657",43.2
Brooklyn,047,3,067800,"2,660",64.8
Brooklyn,047,3,068000,"1,809",43.4
Brooklyn,047,3,068200,"2,432",48.7
Brooklyn,047,3,068600,"1,533",41.9
Brooklyn,047,3,068800,"1,614",41.6
Brooklyn,047,3,069000,"1,791",41.9
Brooklyn,047,3,069200,"2,392",53.1
Brooklyn,047,3,069601,"3,780",33.5
Brooklyn,047,3,069602,"5,995",35.3
Brooklyn,047,3,069800,"1,277",10.3
Brooklyn,047,3,070000,"1,703",34.1
Brooklyn,047,3,070201,"6,573",24.8
Brooklyn,047,3,070202,37,0.0
Brooklyn,047,3,070203,0,0.0
Brooklyn,047,3,070600,"2,700",6.6
Brooklyn,047,3,072000,"2,167",55.4
Brooklyn,047,3,072200,"2,655",41.8
Brooklyn,047,3,072400,"1,755",37.0
Brooklyn,047,3,072600,"2,093",30.8
Brooklyn,047,3,072800,"3,193",60.9
Brooklyn,047,3,073000,"1,979",43.4
Brooklyn,047,3,073200,"2,096",53.0
Brooklyn,047,3,073400,"1,889",50.6
Brooklyn,047,3,073600,"3,368",76.4
Brooklyn,047,3,073800,"3,225",72.3
Brooklyn,047,3,074000,"3,531",88.0
Brooklyn,047,3,074200,"3,292",76.4
Brooklyn,047,3,074400,"2,492",59.0
Brooklyn,047,3,074600,"2,003",40.3
Brooklyn,047,3,074800,"2,012",46.1
Brooklyn,047,3,075000,"3,029",70.7
Brooklyn,047,3,075200,"1,130",26.4
Brooklyn,047,3,075400,"1,488",34.7
Brooklyn,047,3,075600,"1,993",46.5
Brooklyn,047,3,075800,"1,816",35.8
Brooklyn,047,3,076000,"2,776",61.9
Brooklyn,047,3,076200,"4,235",91.1
Brooklyn,047,3,076400,"3,487",87.3
Brooklyn,047,3,076600,"2,061",101.0
Brooklyn,047,3,076800,"3,407",45.5
Brooklyn,047,3,077000,"2,722",67.5
Brooklyn,047,3,077200,"3,394",34.0
Brooklyn,047,3,077400,"2,881",78.9
Brooklyn,047,3,077600,"3,806",82.6
Brooklyn,047,3,078000,"2,092",51.5
Brooklyn,047,3,078200,"3,864",92.9
Brooklyn,047,3,078400,"2,348",56.8
Brooklyn,047,3,078600,"4,256",100.7
Brooklyn,047,3,078800,"3,422",88.2
Brooklyn,047,3,079000,"5,094",112.6
Brooklyn,047,3,079200,"4,372",81.6
Brooklyn,047,3,079400,"1,864",34.0
Brooklyn,047,3,079601,"4,413",161.8
Brooklyn,047,3,079602,"4,814",144.3
Brooklyn,047,3,079801,"3,037",94.8
Brooklyn,047,3,079802,"5,451",207.3
Brooklyn,047,3,080000,"3,487",81.2
Brooklyn,047,3,080200,"4,304",94.0
Brooklyn,047,3,080400,"3,250",69.3
Brooklyn,047,3,080600,"3,386",82.4
Brooklyn,047,3,080800,"1,197",15.1
Brooklyn,047,3,081000,"2,300",57.3
Brooklyn,047,3,081400,"2,635",62.7
Brooklyn,047,3,081600,"2,791",62.9
Brooklyn,047,3,081800,"4,551",116.6
Brooklyn,047,3,082000,"5,281",143.8
Brooklyn,047,3,082200,"7,280",173.5
Brooklyn,047,3,082400,"4,730",89.3
Brooklyn,047,3,082600,"5,513",112.1
Brooklyn,047,3,082800,"3,814",98.5
Brooklyn,047,3,083000,"5,997",120.3
Brooklyn,047,3,083200,"2,289",63.6
Brooklyn,047,3,083400,"1,701",54.6
Brooklyn,047,3,083600,"1,929",37.5
Brooklyn,047,3,083800,"2,189",53.1
Brooklyn,047,3,084000,"2,412",57.4
Brooklyn,047,3,084600,"1,963",47.7
Brooklyn,047,3,084800,"1,750",51.5
Brooklyn,047,3,085000,"1,374",38.5
Brooklyn,047,3,085200,29,0.3
Brooklyn,047,3,085400,"2,052",64.5
Brooklyn,047,3,085600,"3,608",92.0
Brooklyn,047,3,085800,"2,434",73.8
Brooklyn,047,3,086000,"3,426",79.6
Brooklyn,047,3,086200,"2,996",86.5
Brooklyn,047,3,086400,"2,231",59.3
Brooklyn,047,3,086600,"3,149",81.4
Brooklyn,047,3,086800,"3,156",73.2
Brooklyn,047,3,087000,"3,204",83.3
Brooklyn,047,3,087200,"2,868",78.9
Brooklyn,047,3,087401,"3,142",97.4
Brooklyn,047,3,087600,"1,742",49.6
Brooklyn,047,3,087800,"3,006",80.3
Brooklyn,047,3,088000,"2,863",63.5
Brooklyn,047,3,088200,"6,740",134.2
Brooklyn,047,3,088400,"5,236",126.8
Brooklyn,047,3,088600,"4,427",99.7
Brooklyn,047,3,088800,"3,923",79.5
Brooklyn,047,3,089000,"6,319",102.9
Brooklyn,047,3,089200,"3,651",82.3
Brooklyn,047,3,089400,"3,430",80.6
Brooklyn,047,3,089600,"3,546",96.3
Brooklyn,047,3,089800,"2,089",54.8
Brooklyn,047,3,090000,"5,508",90.3
Brooklyn,047,3,090200,"3,451",73.3
Brooklyn,047,3,090600,"4,581",94.7
Brooklyn,047,3,090800,"3,990",54.5
Brooklyn,047,3,091000,"5,610",107.1
Brooklyn,047,3,091200,"6,814",164.9
Brooklyn,047,3,091600,"4,325",81.2
Brooklyn,047,3,091800,"2,804",54.1
Brooklyn,047,3,092000,"3,154",54.3
Brooklyn,047,3,092200,"2,691",67.8
Brooklyn,047,3,092400,"2,656",42.7
Brooklyn,047,3,092800,"2,656",68.3
Brooklyn,047,3,093000,"2,547",53.1
Brooklyn,047,3,093200,"1,142",16.5
Brooklyn,047,3,093400,"2,401",54.7
Brooklyn,047,3,093600,"1,628",39.9
Brooklyn,047,3,093800,"2,374",73.3
Brooklyn,047,3,094401,"3,202",35.1
Brooklyn,047,3,094402,"2,886",109.3
Brooklyn,047,3,094600,"1,830",26.3
Brooklyn,047,3,095000,"2,906",48.5
Brooklyn,047,3,095400,"4,607",78.7
Brooklyn,047,3,095600,"4,042",68.8
Brooklyn,047,3,095800,"3,456",59.7
Brooklyn,047,3,096000,0,0.0
Brooklyn,047,3,096200,"1,717",38.9
Brooklyn,047,3,096400,"2,361",54.1
Brooklyn,047,3,096600,"2,164",48.3
Brooklyn,047,3,096800,"1,471",40.0
Brooklyn,047,3,097000,"2,105",52.1
Brooklyn,047,3,097400,"2,724",43.7
Brooklyn,047,3,098200,"4,305",50.4
Brooklyn,047,3,098400,"1,978",70.9
Brooklyn,047,3,098600,"2,862",74.3
Brooklyn,047,3,098800,"3,054",76.3
Brooklyn,047,3,099000,"1,422",35.1
Brooklyn,047,3,099200,"1,833",55.1
Brooklyn,047,3,099400,"1,978",46.0
Brooklyn,047,3,099600,"3,631",77.5
Brooklyn,047,3,099800,"3,784",36.5
Brooklyn,047,3,100400,"2,567",78.7
Brooklyn,047,3,100600,"2,489",66.2
Brooklyn,047,3,100800,"2,124",57.7
Brooklyn,047,3,101000,"2,318",54.7
Brooklyn,047,3,101200,"1,932",48.6
Brooklyn,047,3,101400,"2,160",56.4
Brooklyn,047,3,101600,"1,464",52.7
Brooklyn,047,3,101800,"1,851",26.6
Brooklyn,047,3,102000,"1,922",49.5
Brooklyn,047,3,102200,"2,075",51.6
Brooklyn,047,3,102400,"2,123",60.0
Brooklyn,047,3,102600,"2,771",82.5
Brooklyn,047,3,102800,"1,579",6.3
Brooklyn,047,3,103400,"3,918",23.9
Brooklyn,047,3,105801,"6,928",67.4
Brooklyn,047,3,105804,"6,426",34.1
Brooklyn,047,3,107000,322,0.4
Brooklyn,047,3,107800,"3,849",30.8
Brooklyn,047,3,109800,"1,917",9.1
Brooklyn,047,3,110400,"4,358",23.7
Brooklyn,047,3,110600,"4,311",102.0
Brooklyn,047,3,111000,"3,216",105.6
Brooklyn,047,3,111600,"3,484",28.2
Brooklyn,047,3,111800,"3,053",76.1
Brooklyn,047,3,112000,"3,155",73.8
Brooklyn,047,3,112200,"3,371",84.1
Brooklyn,047,3,112400,"3,416",77.7
Brooklyn,047,3,112600,"3,783",90.9
Brooklyn,047,3,112800,"3,822",84.0
Brooklyn,047,3,113000,"3,891",81.2
Brooklyn,047,3,113200,"1,937",39.6
Brooklyn,047,3,113400,"2,838",74.9
Brooklyn,047,3,114201,"1,578",21.5
Brooklyn,047,3,114202,"2,766",98.1
Brooklyn,047,3,114400,"2,403",22.6
Brooklyn,047,3,114600,"2,998",75.8
Brooklyn,047,3,115000,"2,595",66.4
Brooklyn,047,3,115200,"3,094",75.4
Brooklyn,047,3,115600,"4,315",109.2
Brooklyn,047,3,115800,"2,983",77.9
Brooklyn,047,3,116000,"2,543",68.0
Brooklyn,047,3,116200,"2,157",60.8
Brooklyn,047,3,116400,"2,921",65.1
Brooklyn,047,3,116600,"2,907",73.8
Brooklyn,047,3,116800,"2,057",57.8
Brooklyn,047,3,117000,"1,880",49.5
Brooklyn,047,3,117201,"2,713",85.0
Brooklyn,047,3,117202,"3,907",104.1
Brooklyn,047,3,117400,"4,329",82.3
Brooklyn,047,3,117601,"2,750",73.0
Brooklyn,047,3,117602,"3,313",93.2
Brooklyn,047,3,117800,"1,717",49.5
Brooklyn,047,3,118000,6,0.0
Brooklyn,047,3,118201,"3,002",96.1
Brooklyn,047,3,118202,"3,083",100.4
Brooklyn,047,3,118400,"5,420",107.0
Brooklyn,047,3,118600,"2,969",91.4
Brooklyn,047,3,118800,"4,651",107.9
Brooklyn,047,3,119000,"2,127",61.3
Brooklyn,047,3,119200,"3,013",54.0
Brooklyn,047,3,119400,"3,914",86.6
Brooklyn,047,3,119600,"5,403",71.3
Brooklyn,047,3,119800,"3,426",42.4
Brooklyn,047,3,120000,"2,148",57.7
Brooklyn,047,3,120200,"1,900",50.2
Brooklyn,047,3,120800,"8,938",74.8
Brooklyn,047,3,121000,"4,035",101.6
Brooklyn,047,3,121400,"4,351",103.4
Brooklyn,047,3,122000,"5,495",20.3
Brooklyn,047,3,123700,"6,008",75.7
Brooklyn,047,3,150200,"2,540",32.4
Brooklyn,047,3,152200,"3,317",34.4
Brooklyn,047,3,990100,0,-
Manhattan,061,1,000100,2,0.1
Manhattan,061,1,000201,"3,058",137.2
Manhattan,061,1,000202,"7,316",99.1
Manhattan,061,1,000500,0,0.0
Manhattan,061,1,000600,"11,367",181.2
Manhattan,061,1,000700,"8,109",129.2
Manhattan,061,1,000800,"10,290",191.3
Manhattan,061,1,000900,731,8.8
Manhattan,061,1,001001,"1,434",73.1
Manhattan,061,1,001002,"6,547",131.8
Manhattan,061,1,001200,"3,397",114.0
Manhattan,061,1,001300,"4,479",58.1
Manhattan,061,1,001401,"3,005",130.0
Manhattan,061,1,001402,"2,782",98.6
Manhattan,061,1,001501,"5,518",89.9
Manhattan,061,1,001502,"7,476",131.8
Manhattan,061,1,001600,"8,478",164.7
Manhattan,061,1,001800,"8,660",157.4
Manhattan,061,1,002000,"4,917",162.0
Manhattan,061,1,002100,"6,040",100.7
Manhattan,061,1,002201,"6,398",160.2
Manhattan,061,1,002202,"2,189",157.9
Manhattan,061,1,002400,"5,434",120.0
Manhattan,061,1,002500,"4,869",147.3
Manhattan,061,1,002601,"3,772",144.0
Manhattan,061,1,002602,"4,227",165.0
Manhattan,061,1,002700,"1,264",85.5
Manhattan,061,1,002800,"7,114",156.7
Manhattan,061,1,002900,"6,398",93.0
Manhattan,061,1,003001,"4,492",146.4
Manhattan,061,1,003002,"3,106",160.1
Manhattan,061,1,003100,"2,550",50.2
Manhattan,061,1,003200,"8,234",153.1
Manhattan,061,1,003300,"5,156",61.0
Manhattan,061,1,003400,"6,612",167.0
Manhattan,061,1,003601,"3,393",137.6
Manhattan,061,1,003602,"3,151",143.3
Manhattan,061,1,003700,"2,447",24.2
Manhattan,061,1,003800,"9,237",184.7
Manhattan,061,1,003900,"5,860",70.8
Manhattan,061,1,004000,"8,651",196.3
Manhattan,061,1,004100,"7,817",165.2
Manhattan,061,1,004200,"5,145",243.3
Manhattan,061,1,004300,"4,270",115.8
Manhattan,061,1,004400,"16,538",163.1
Manhattan,061,1,004500,"1,136",43.8
Manhattan,061,1,004700,"2,524",61.7
Manhattan,061,1,004800,"7,229",166.5
Manhattan,061,1,004900,"4,942",96.5
Manhattan,061,1,005000,"5,055",122.6
Manhattan,061,1,005200,"3,408",81.9
Manhattan,061,1,005400,"4,536",109.3
Manhattan,061,1,005501,"4,204",136.7
Manhattan,061,1,005502,"2,257",79.1
Manhattan,061,1,005600,"3,322",77.4
Manhattan,061,1,005700,"2,781",104.2
Manhattan,061,1,005800,"3,512",81.0
Manhattan,061,1,005900,"5,401",188.1
Manhattan,061,1,006000,"4,511",143.3
Manhattan,061,1,006100,"5,224",148.5
Manhattan,061,1,006200,"4,437",58.7
Manhattan,061,1,006300,"6,380",144.9
Manhattan,061,1,006400,"8,090",184.0
Manhattan,061,1,006500,"6,202",124.8
Manhattan,061,1,006600,"11,740",271.9
Manhattan,061,1,006700,"5,461",131.2
Manhattan,061,1,006800,"7,614",176.6
Manhattan,061,1,006900,"2,759",49.6
Manhattan,061,1,007000,"8,871",202.4
Manhattan,061,1,007100,"5,429",133.2
Manhattan,061,1,007200,"8,664",200.3
Manhattan,061,1,007300,"6,215",152.1
Manhattan,061,1,007400,"4,319",100.4
Manhattan,061,1,007500,"4,159",93.7
Manhattan,061,1,007600,"2,277",52.9
Manhattan,061,1,007700,"5,966",135.1
Manhattan,061,1,007800,"8,391",191.4
Manhattan,061,1,007900,"4,442",61.3
Manhattan,061,1,008000,"5,377",126.0
Manhattan,061,1,008100,"8,047",186.8
Manhattan,061,1,008200,"3,262",76.6
Manhattan,061,1,008300,"4,092",95.1
Manhattan,061,1,008400,"1,595",37.3
Manhattan,061,1,008601,"2,618",85.3
Manhattan,061,1,008602,0,0.0
Manhattan,061,1,008603,"4,799",148.4
Manhattan,061,1,008700,"6,338",155.0
Manhattan,061,1,008800,"7,026",157.5
Manhattan,061,1,008900,"5,708",139.5
Manhattan,061,1,009000,"7,883",179.1
Manhattan,061,1,009100,"6,304",142.4
Manhattan,061,1,009200,"1,806",37.1
Manhattan,061,1,009300,"8,780",198.4
Manhattan,061,1,009400,73,1.9
Manhattan,061,1,009500,"3,040",71.5
Manhattan,061,1,009600,155,3.6
Manhattan,061,1,009700,"5,224",121.0
Manhattan,061,1,009800,"7,316",167.2
Manhattan,061,1,009900,"1,945",7.8
Manhattan,061,1,010000,"1,992",46.6
Manhattan,061,1,010100,"1,116",25.7
Manhattan,061,1,010200,230,5.4
Manhattan,061,1,010300,"2,058",48.2
Manhattan,061,1,010400,966,22.6
Manhattan,061,1,010601,"7,351",224.9
Manhattan,061,1,010602,"4,875",150.5
Manhattan,061,1,010800,"9,039",200.4
Manhattan,061,1,010900,183,4.2
Manhattan,061,1,011000,"7,169",164.3
Manhattan,061,1,011100,"3,512",81.2
Manhattan,061,1,011201,992,50.5
Manhattan,061,1,011202,441,22.9
Manhattan,061,1,011203,"1,401",72.7
Manhattan,061,1,011300,117,2.7
Manhattan,061,1,011401,"1,412",58.0
Manhattan,061,1,011402,"2,397",98.2
Manhattan,061,1,011500,"2,303",53.0
Manhattan,061,1,011600,"3,543",68.4
Manhattan,061,1,011700,"3,364",70.2
Manhattan,061,1,011800,"8,767",200.7
Manhattan,061,1,011900,"1,120",25.5
Manhattan,061,1,012000,"3,971",92.9
Manhattan,061,1,012100,"8,554",194.3
Manhattan,061,1,012200,"3,633",85.2
Manhattan,061,1,012400,"10,218",230.7
Manhattan,061,1,012500,"2,719",63.1
Manhattan,061,1,012600,"12,774",281.5
Manhattan,061,1,012700,"6,928",161.1
Manhattan,061,1,012800,"6,270",141.9
Manhattan,061,1,012900,"6,038",60.3
Manhattan,061,1,013000,"4,195",95.3
Manhattan,061,1,013100,"2,816",65.4
Manhattan,061,1,013200,"10,590",208.1
Manhattan,061,1,013300,"6,208",144.1
Manhattan,061,1,013400,"11,174",248.8
Manhattan,061,1,013500,"6,596",63.5
Manhattan,061,1,013600,"15,344",280.2
Manhattan,061,1,013700,"6,471",116.1
Manhattan,061,1,013800,"12,444",276.5
Manhattan,061,1,013900,"9,257",206.3
Manhattan,061,1,014000,"7,813",176.5
Manhattan,061,1,014200,"4,462",100.9
Manhattan,061,1,014300,25,0.0
Manhattan,061,1,014401,"4,864",264.9
Manhattan,061,1,014402,"6,743",157.2
Manhattan,061,1,014500,"5,542",125.8
Manhattan,061,1,014601,"4,274",232.7
Manhattan,061,1,014602,"7,904",293.0
Manhattan,061,1,014700,"2,755",170.5
Manhattan,061,1,014801,"2,863",223.0
Manhattan,061,1,014802,"7,066",227.6
Manhattan,061,1,014900,"5,842",135.8
Manhattan,061,1,015001,"2,294",179.8
Manhattan,061,1,015002,"5,437",175.2
Manhattan,061,1,015100,"8,306",97.7
Manhattan,061,1,015200,"7,275",143.3
Manhattan,061,1,015300,"9,320",216.6
Manhattan,061,1,015400,"13,749",313.7
Manhattan,061,1,015500,"9,350",182.6
Manhattan,061,1,015601,"5,345",294.0
Manhattan,061,1,015602,"2,298",85.5
Manhattan,061,1,015700,"10,751",238.5
Manhattan,061,1,015801,"5,650",181.8
Manhattan,061,1,015802,"3,346",262.8
Manhattan,061,1,015900,"9,623",221.4
Manhattan,061,1,016001,"3,744",120.6
Manhattan,061,1,016002,"3,131",246.3
Manhattan,061,1,016100,"6,437",167.3
Manhattan,061,1,016200,"9,308",125.2
Manhattan,061,1,016300,"6,624",101.9
Manhattan,061,1,016400,"6,127",139.8
Manhattan,061,1,016500,"6,402",126.8
Manhattan,061,1,016600,"7,317",172.7
Manhattan,061,1,016700,"6,564",135.2
Manhattan,061,1,016800,"5,675",113.7
Manhattan,061,1,016900,"8,108",182.3
Manhattan,061,1,017000,"7,855",173.8
Manhattan,061,1,017100,"8,989",166.8
Manhattan,061,1,017200,"5,504",125.2
Manhattan,061,1,017300,"8,939",202.6
Manhattan,061,1,017401,"5,248",210.7
Manhattan,061,1,017402,"2,093",166.9
Manhattan,061,1,017500,"10,820",201.9
Manhattan,061,1,017700,"9,151",212.2
Manhattan,061,1,017800,"3,912",60.9
Manhattan,061,1,017900,"9,293",175.3
Manhattan,061,1,018000,"7,476",142.3
Manhattan,061,1,018100,"8,866",259.2
Manhattan,061,1,018200,"6,768",154.8
Manhattan,061,1,018300,"8,667",156.7
Manhattan,061,1,018400,"7,835",179.6
Manhattan,061,1,018500,"4,190",130.0
Manhattan,061,1,018600,"5,701",189.5
Manhattan,061,1,018700,"8,974",166.4
Manhattan,061,1,018800,"6,008",163.7
Manhattan,061,1,018900,"11,547",176.1
Manhattan,061,1,019000,"3,083",120.2
Manhattan,061,1,019100,"8,807",159.4
Manhattan,061,1,019200,"3,584",73.9
Manhattan,061,1,019300,"9,009",207.5
Manhattan,061,1,019400,"6,558",151.6
Manhattan,061,1,019500,"8,197",151.9
Manhattan,061,1,019600,"3,931",89.8
Manhattan,061,1,019701,641,11.0
Manhattan,061,1,019702,"2,090",178.5
Manhattan,061,1,019800,"1,914",34.4
Manhattan,061,1,019900,"10,064",179.5
Manhattan,061,1,020000,"2,581",80.8
Manhattan,061,1,020101,"1,731",127.1
Manhattan,061,1,020102,"3,865",187.6
Manhattan,061,1,020300,"3,633",82.5
Manhattan,061,1,020500,"5,322",76.7
Manhattan,061,1,020600,"2,942",80.0
Manhattan,061,1,020701,"3,329",285.0
Manhattan,061,1,020800,"4,591",125.1
Manhattan,061,1,020901,"3,673",128.3
Manhattan,061,1,021000,"6,637",125.0
Manhattan,061,1,021100,"10,330",120.1
Manhattan,061,1,021200,"4,412",101.2
Manhattan,061,1,021303,"5,619",148.3
Manhattan,061,1,021400,"3,001",88.7
Manhattan,061,1,021500,"3,068",178.1
Manhattan,061,1,021600,"7,556",176.5
Manhattan,061,1,021703,6,0.1
Manhattan,061,1,021800,"6,617",147.2
Manhattan,061,1,021900,"6,023",85.3
Manhattan,061,1,022000,"5,370",124.2
Manhattan,061,1,022102,"2,175",88.9
Manhattan,061,1,022200,"2,644",59.0
Manhattan,061,1,022301,"7,917",167.8
Manhattan,061,1,022302,"3,385",222.4
Manhattan,061,1,022400,"6,427",133.6
Manhattan,061,1,022500,"10,149",159.0
Manhattan,061,1,022600,"3,778",99.9
Manhattan,061,1,022700,"4,864",130.6
Manhattan,061,1,022800,"5,248",117.6
Manhattan,061,1,022900,"8,300",155.4
Manhattan,061,1,023000,"8,106",188.9
Manhattan,061,1,023100,"5,865",129.9
Manhattan,061,1,023200,"7,980",179.0
Manhattan,061,1,023300,"6,527",116.1
Manhattan,061,1,023400,"4,465",166.5
Manhattan,061,1,023501,"6,004",135.7
Manhattan,061,1,023502,"1,819",178.2
Manhattan,061,1,023600,"6,404",88.7
Manhattan,061,1,023700,"6,811",101.2
Manhattan,061,1,023801,"9,723",109.8
Manhattan,061,1,023802,"1,938",29.3
Manhattan,061,1,023900,"2,371",149.5
Manhattan,061,1,024000,"1,648",3.2
Manhattan,061,1,024100,"7,642",171.7
Manhattan,061,1,024200,"3,396",38.2
Manhattan,061,1,024301,"3,946",151.9
Manhattan,061,1,024302,"7,370",131.3
Manhattan,061,1,024500,"14,934",284.5
Manhattan,061,1,024700,"7,074",111.4
Manhattan,061,1,024900,"1,101",73.5
Manhattan,061,1,025100,"2,526",64.7
Manhattan,061,1,025300,"11,236",268.5
Manhattan,061,1,025500,"5,771",52.3
Manhattan,061,1,025700,"3,876",108.9
Manhattan,061,1,025900,"3,496",187.5
Manhattan,061,1,026100,"12,087",313.1
Manhattan,061,1,026300,"8,729",224.7
Manhattan,061,1,026500,"7,021",149.3
Manhattan,061,1,026700,"2,173",186.2
Manhattan,061,1,026900,"8,428",194.3
Manhattan,061,1,027100,"8,196",172.3
Manhattan,061,1,027300,"6,370",145.2
Manhattan,061,1,027500,"2,846",39.1
Manhattan,061,1,027700,"7,086",176.5
Manhattan,061,1,027900,"10,292",234.3
Manhattan,061,1,028100,"2,867",124.7
Manhattan,061,1,028300,"7,627",211.3
Manhattan,061,1,028500,"7,216",241.3
Manhattan,061,1,028700,"4,035",30.2
Manhattan,061,1,029100,"11,288",242.6
Manhattan,061,1,029300,"9,033",232.5
Manhattan,061,1,029500,"6,941",206.3
Manhattan,061,1,029700,161,0.6
Manhattan,061,1,029900,"3,834",25.3
Manhattan,061,1,030300,"3,753",96.8
Manhattan,061,1,030700,"3,434",164.7
Manhattan,061,1,030900,"8,463",112.0
Manhattan,061,1,031100,2,0.0
Manhattan,061,1,031703,"7,709",102.9
Manhattan,061,1,031704,"5,677",89.2
Manhattan,061,1,031900,11,0.4
Queens,081,4,000100,"4,949",17.5
Queens,081,4,000200,"2,829",73.0
Queens,081,4,000400,"4,413",79.3
Queens,081,4,000600,"3,729",70.4
Queens,081,4,000700,"4,790",35.6
Queens,081,4,000800,"3,360",71.6
Queens,081,4,001000,"3,502",87.9
Queens,081,4,001200,"3,871",69.0
Queens,081,4,001400,"3,683",69.9
Queens,081,4,001600,"2,831",75.6
Queens,081,4,001800,"2,931",67.0
Queens,081,4,001900,"1,076",4.9
Queens,081,4,002000,"1,797",50.2
Queens,081,4,002200,"2,077",56.9
Queens,081,4,002400,"2,145",61.2
Queens,081,4,002500,"7,571",156.4
Queens,081,4,002600,"2,055",56.2
Queens,081,4,002800,"3,033",55.1
Queens,081,4,003000,"1,399",51.3
Queens,081,4,003100,"1,388",34.1
Queens,081,4,003200,"1,504",36.4
Queens,081,4,003300,"2,474",19.7
Queens,081,4,003400,"2,201",41.6
Queens,081,4,003600,"3,295",74.1
Queens,081,4,003700,0,0.0
Queens,081,4,003800,"2,287",52.5
Queens,081,4,003900,"1,592",43.8
Queens,081,4,004001,"2,134",49.5
Queens,081,4,004002,"1,270",39.8
Queens,081,4,004200,"4,120",83.2
Queens,081,4,004300,"2,437",57.7
Queens,081,4,004401,"3,500",54.2
Queens,081,4,004500,"2,975",54.6
Queens,081,4,004700,"3,984",90.0
Queens,081,4,005000,29,0.8
Queens,081,4,005100,"2,231",65.9
Queens,081,4,005200,"2,751",85.2
Queens,081,4,005300,"5,340",110.0
Queens,081,4,005400,"5,257",50.7
Queens,081,4,005500,"1,067",26.0
Queens,081,4,005700,"4,321",78.2
Queens,081,4,005800,"5,414",36.6
Queens,081,4,005900,"4,169",88.7
Queens,081,4,006100,"5,644",117.1
Queens,081,4,006201,"5,128",52.3
Queens,081,4,006202,"6,253",21.9
Queens,081,4,006300,"5,949",113.3
Queens,081,4,006501,"3,676",133.5
Queens,081,4,006502,"3,853",101.7
Queens,081,4,006900,"4,611",88.4
Queens,081,4,007100,"3,963",82.2
Queens,081,4,007300,"4,231",121.0
Queens,081,4,007500,"4,116",128.9
Queens,081,4,007700,"1,478",47.2
Queens,081,4,007900,"3,493",88.1
Queens,081,4,008100,"1,188",43.1
Queens,081,4,008300,"2,950",62.4
Queens,081,4,008500,"1,270",18.8
Queens,081,4,008600,"2,811",34.9
Queens,081,4,008700,"4,582",70.1
Queens,081,4,008800,"3,095",28.1
Queens,081,4,009100,"2,796",58.9
Queens,081,4,009400,"2,834",66.0
Queens,081,4,009500,"2,289",56.3
Queens,081,4,009600,"3,135",61.4
Queens,081,4,009700,"3,580",71.8
Queens,081,4,009800,"2,688",80.1
Queens,081,4,009900,3,0.0
Queens,081,4,010000,"3,571",64.7
Queens,081,4,010100,"2,552",59.8
Queens,081,4,010200,"2,677",50.7
Queens,081,4,010300,"3,934",56.0
Queens,081,4,010400,"3,147",68.3
Queens,081,4,010500,"4,244",86.8
Queens,081,4,010600,"3,427",80.2
Queens,081,4,010701,0,0.0
Queens,081,4,010800,"2,980",76.5
Queens,081,4,011000,"3,075",75.4
Queens,081,4,011100,"3,050",81.9
Queens,081,4,011200,"2,358",50.4
Queens,081,4,011300,"4,234",95.9
Queens,081,4,011400,"1,330",44.3
Queens,081,4,011500,"2,325",50.7
Queens,081,4,011600,"2,178",63.1
Queens,081,4,011700,"3,848",73.1
Queens,081,4,011800,"2,628",65.8
Queens,081,4,011900,"1,701",61.7
Queens,081,4,012000,"2,487",68.5
Queens,081,4,012100,"2,064",60.6
Queens,081,4,012200,"2,971",58.3
Queens,081,4,012301,"2,910",19.9
Queens,081,4,012400,"2,914",60.4
Queens,081,4,012500,"1,662",41.6
Queens,081,4,012601,"2,413",66.4
Queens,081,4,012602,"2,578",70.9
Queens,081,4,012800,"2,030",51.4
Queens,081,4,013000,"1,745",37.0
Queens,081,4,013200,"1,772",37.3
Queens,081,4,013400,"5,474",117.2
Queens,081,4,013500,"1,411",42.0
Queens,081,4,013600,"1,972",53.2
Queens,081,4,013700,"1,579",31.7
Queens,081,4,013800,"3,604",85.6
Queens,081,4,014000,"3,705",67.2
Queens,081,4,014100,"1,621",38.5
Queens,081,4,014201,"4,348",84.4
Queens,081,4,014202,"2,838",18.6
Queens,081,4,014300,"4,065",120.4
Queens,081,4,014400,"2,109",38.4
Queens,081,4,014500,"2,246",71.2
Queens,081,4,014700,"3,054",83.5
Queens,081,4,014800,"2,265",55.9
Queens,081,4,014900,"2,674",101.6
Queens,081,4,015000,"2,458",67.6
Queens,081,4,015100,"2,794",84.7
Queens,081,4,015200,"2,721",58.0
Queens,081,4,015300,"2,145",71.5
Queens,081,4,015400,"2,333",63.0
Queens,081,4,015500,"2,251",61.7
Queens,081,4,015600,"3,218",62.1
Queens,081,4,015700,"1,543",48.6
Queens,081,4,015801,"3,737",50.2
Queens,081,4,015802,"4,398",64.1
Queens,081,4,015900,"4,136",98.6
Queens,081,4,016100,"2,377",89.3
Queens,081,4,016300,"4,382",81.3
Queens,081,4,016400,"3,313",67.1
Queens,081,4,016600,"3,278",65.6
Queens,081,4,016800,"2,684",51.4
Queens,081,4,016900,"5,539",97.6
Queens,081,4,017000,"2,600",47.7
Queens,081,4,017100,8,0.0
Queens,081,4,017200,"2,101",44.1
Queens,081,4,017400,"2,244",47.2
Queens,081,4,017600,"2,143",45.2
Queens,081,4,017800,"1,925",40.9
Queens,081,4,017900,"1,054",9.1
Queens,081,4,018000,"1,090",30.9
Queens,081,4,018101,"4,090",168.5
Queens,081,4,018102,"3,928",164.8
Queens,081,4,018200,"2,267",35.8
Queens,081,4,018300,"6,031",113.9
Queens,081,4,018401,"2,054",41.7
Queens,081,4,018402,"2,223",42.3
Queens,081,4,018501,"3,611",148.3
Queens,081,4,018502,"3,633",149.4
Queens,081,4,018600,"1,623",36.8
Queens,081,4,018700,"3,088",51.5
Queens,081,4,018800,"1,236",28.3
Queens,081,4,018900,"3,492",64.9
Queens,081,4,019000,"1,969",42.4
Queens,081,4,019200,"1,914",38.9
Queens,081,4,019400,"2,628",35.3
Queens,081,4,019600,"2,643",48.0
Queens,081,4,019800,"2,930",57.0
Queens,081,4,019900,"1,028",2.7
Queens,081,4,020200,"1,387",38.3
Queens,081,4,020400,"2,098",29.6
Queens,081,4,020500,"1,202",8.2
Queens,081,4,020600,"1,712",45.1
Queens,081,4,020800,"2,539",19.4
Queens,081,4,021200,"2,754",47.9
Queens,081,4,021400,"6,194",66.8
Queens,081,4,021600,"4,016",24.6
Queens,081,4,021900,7,0.0
Queens,081,4,022001,"6,074",61.8
Queens,081,4,022002,"5,569",74.5
Queens,081,4,022900,27,0.1
Queens,081,4,023000,"1,795",43.4
Queens,081,4,023200,"5,090",63.4
Queens,081,4,023500,"8,278",128.9
Queens,081,4,023600,"2,638",60.6
Queens,081,4,023800,"5,101",131.6
Queens,081,4,024000,"5,464",82.0
Queens,081,4,024300,"5,440",40.6
Queens,081,4,024500,"4,942",73.8
Queens,081,4,024600,0,0.0
Queens,081,4,024700,"1,509",67.8
Queens,081,4,024900,"5,546",115.5
Queens,081,4,025100,"5,720",97.7
Queens,081,4,025301,"4,591",145.8
Queens,081,4,025302,"2,876",114.0
Queens,081,4,025400,"8,207",52.2
Queens,081,4,025500,"1,507",27.9
Queens,081,4,025700,"1,542",41.4
Queens,081,4,025800,"1,978",37.7
Queens,081,4,025900,"3,516",76.0
Queens,081,4,026000,"2,339",53.1
Queens,081,4,026100,"7,414",135.0
Queens,081,4,026200,"1,465",41.3
Queens,081,4,026300,"6,220",126.7
Queens,081,4,026400,"2,257",35.9
Queens,081,4,026500,"4,494",97.5
Queens,081,4,026600,"1,755",41.1
Queens,081,4,026700,"6,002",115.5
Queens,081,4,026901,"5,304",188.0
Queens,081,4,026902,"4,444",230.3
Queens,081,4,027000,"1,647",36.0
Queens,081,4,027100,"8,726",254.3
Queens,081,4,027200,"1,846",48.6
Queens,081,4,027300,"8,631",163.7
Queens,081,4,027400,"1,735",48.9
Queens,081,4,027500,"6,887",156.9
Queens,081,4,027600,"1,165",29.7
Queens,081,4,027700,"8,757",202.6
Queens,081,4,027800,"2,256",51.7
Queens,081,4,027900,"6,317",144.3
Queens,081,4,028000,"1,551",37.8
Queens,081,4,028100,"5,722",132.7
Queens,081,4,028200,"1,545",34.1
Queens,081,4,028300,"7,415",168.9
Queens,081,4,028400,"3,438",32.5
Queens,081,4,028500,"4,729",121.5
Queens,081,4,028700,"6,232",128.7
Queens,081,4,028800,"4,230",26.9
Queens,081,4,028900,"5,176",121.6
Queens,081,4,029100,"7,039",109.4
Queens,081,4,029300,"1,351",35.9
Queens,081,4,029400,"6,664",25.3
Queens,081,4,029500,"3,670",81.6
Queens,081,4,029700,"2,162",16.7
Queens,081,4,029900,0,0.0
Queens,081,4,030600,"4,213",12.7
Queens,081,4,030902,"7,992",79.2
Queens,081,4,030903,"6,743",77.6
Queens,081,4,030904,"3,712",37.2
Queens,081,4,031700,"6,151",36.0
Queens,081,4,032000,"4,645",18.2
Queens,081,4,032700,"4,255",114.1
Queens,081,4,032800,"2,409",26.5
Queens,081,4,032900,"4,018",37.2
Queens,081,4,033000,"6,170",30.5
Queens,081,4,033100,0,0.0
Queens,081,4,033401,"3,128",22.6
Queens,081,4,033402,"12,575",67.2
Queens,081,4,033700,"3,619",97.1
Queens,081,4,033900,"3,400",91.2
Queens,081,4,034700,"3,268",34.5
Queens,081,4,035100,"4,240",123.2
Queens,081,4,035200,"2,414",16.1
Queens,081,4,035300,"2,690",70.2
Queens,081,4,035700,"4,947",34.9
Queens,081,4,035800,"3,927",30.5
Queens,081,4,036100,"2,426",62.4
Queens,081,4,036300,"2,397",71.9
Queens,081,4,036500,"3,885",94.6
Queens,081,4,036600,"2,592",28.4
Queens,081,4,036700,"2,676",55.4
Queens,081,4,036800,"2,362",42.0
Queens,081,4,037100,"1,597",38.4
Queens,081,4,037300,"2,532",41.9
Queens,081,4,037500,"3,783",98.6
Queens,081,4,037600,"5,598",29.6
Queens,081,4,037700,"4,227",116.5
Queens,081,4,037900,"6,214",128.0
Queens,081,4,038100,"6,808",98.4
Queens,081,4,038301,0,0.0
Queens,081,4,038302,56,0.0
Queens,081,4,038400,"2,333",31.7
Queens,081,4,039400,"2,814",32.8
Queens,081,4,039800,"1,657",33.3
Queens,081,4,039900,"4,132",98.3
Queens,081,4,040000,"1,267",26.2
Queens,081,4,040100,"7,527",143.7
Queens,081,4,040200,"1,368",25.4
Queens,081,4,040300,"6,777",137.2
Queens,081,4,040400,"3,918",33.2
Queens,081,4,040500,"3,303",103.6
Queens,081,4,040700,"8,304",168.1
Queens,081,4,040900,"5,094",134.8
Queens,081,4,041100,"3,947",115.4
Queens,081,4,041300,"4,464",114.0
Queens,081,4,041400,"4,033",34.5
Queens,081,4,041500,"4,278",101.3
Queens,081,4,042400,"2,161",16.9
Queens,081,4,042600,512,3.9
Queens,081,4,042700,"4,604",109.5
Queens,081,4,043200,"1,166",20.1
Queens,081,4,043400,"1,956",38.5
Queens,081,4,043701,"3,381",91.6
Queens,081,4,043702,"6,476",140.9
Queens,081,4,043900,"4,790",117.8
Queens,081,4,044000,"3,669",39.2
Queens,081,4,044301,"4,033",122.6
Queens,081,4,044302,"5,223",76.0
Queens,081,4,044400,"3,236",14.5
Queens,081,4,044601,"3,367",60.8
Queens,081,4,044602,"4,596",109.2
Queens,081,4,044800,"2,571",50.5
Queens,081,4,045000,"1,943",45.9
Queens,081,4,045200,"1,153",21.8
Queens,081,4,045400,"4,773",84.2
Queens,081,4,045500,"12,330",325.2
Queens,081,4,045600,"1,338",33.7
Queens,081,4,045700,"3,355",90.2
Queens,081,4,045800,"2,016",33.5
Queens,081,4,045900,"3,975",117.5
Queens,081,4,046000,"6,006",109.8
Queens,081,4,046100,"3,089",110.8
Queens,081,4,046200,"7,296",117.8
Queens,081,4,046300,"4,284",108.9
Queens,081,4,046400,"1,643",28.0
Queens,081,4,046500,"4,247",132.5
Queens,081,4,046600,"3,058",51.8
Queens,081,4,046700,"7,112",202.7
Queens,081,4,046800,"3,829",67.5
Queens,081,4,046900,"8,570",229.1
Queens,081,4,047000,"3,247",57.3
Queens,081,4,047100,"4,425",113.3
Queens,081,4,047200,"3,760",29.5
Queens,081,4,047300,"3,997",88.7
Queens,081,4,047500,"4,835",62.6
Queens,081,4,047600,"1,326",9.9
Queens,081,4,047800,"5,294",32.8
Queens,081,4,047900,"5,456",57.0
Queens,081,4,048000,"2,506",44.0
Queens,081,4,048100,"6,781",197.2
Queens,081,4,048200,"1,452",26.0
Queens,081,4,048300,"4,047",72.7
Queens,081,4,048400,"4,979",48.3
Queens,081,4,048500,"4,598",54.5
Queens,081,4,048900,"1,486",17.3
Queens,081,4,049200,"4,750",39.7
Queens,081,4,049301,"2,134",52.6
Queens,081,4,049302,"2,811",41.5
Queens,081,4,049500,"1,358",44.6
Queens,081,4,049600,"3,030",44.9
Queens,081,4,049700,"3,021",61.7
Queens,081,4,049900,"5,071",43.3
Queens,081,4,050000,"4,323",52.3
Queens,081,4,050201,"1,410",34.0
Queens,081,4,050202,"1,344",35.6
Queens,081,4,050400,"1,831",34.3
Queens,081,4,050500,"1,657",58.8
Queens,081,4,050600,"1,553",30.5
Queens,081,4,050700,"3,442",38.5
Queens,081,4,050800,"1,837",33.9
Queens,081,4,051000,"1,540",33.7
Queens,081,4,051100,"2,097",30.9
Queens,081,4,051200,"2,619",28.2
Queens,081,4,051300,"2,367",49.5
Queens,081,4,051500,"2,852",51.2
Queens,081,4,051600,"1,866",41.0
Queens,081,4,051700,"1,957",31.5
Queens,081,4,051800,"1,931",46.0
Queens,081,4,052000,"1,521",35.7
Queens,081,4,052100,"1,983",42.1
Queens,081,4,052200,"1,532",36.5
Queens,081,4,052400,"1,739",35.9
Queens,081,4,052500,"2,063",41.3
Queens,081,4,052600,"1,802",40.0
Queens,081,4,052800,"1,442",32.3
Queens,081,4,053000,"2,240",39.4
Queens,081,4,053100,"3,114",29.7
Queens,081,4,053200,"1,675",35.7
Queens,081,4,053401,"1,907",29.7
Queens,081,4,053500,"1,123",8.9
Queens,081,4,053601,"1,577",33.4
Queens,081,4,053800,"1,755",37.5
Queens,081,4,053900,"4,147",27.7
Queens,081,4,054000,"4,222",32.6
Queens,081,4,054200,"5,074",37.9
Queens,081,4,054500,"3,722",131.8
Queens,081,4,054700,"4,643",143.8
Queens,081,4,054800,"2,319",41.6
Queens,081,4,054900,"5,308",133.0
Queens,081,4,055100,"4,573",119.3
Queens,081,4,055200,"3,064",29.9
Queens,081,4,055300,"2,454",69.2
Queens,081,4,055400,"2,303",42.3
Queens,081,4,055500,"2,147",57.8
Queens,081,4,055600,"2,153",38.4
Queens,081,4,055700,"3,915",66.4
Queens,081,4,055800,"1,732",36.4
Queens,081,4,055900,"1,217",30.2
Queens,081,4,056000,"1,647",31.1
Queens,081,4,056100,73,0.1
Queens,081,4,056200,"1,517",38.4
Queens,081,4,056400,"1,783",38.3
Queens,081,4,056500,"1,567",54.0
Queens,081,4,056600,"1,487",31.0
Queens,081,4,056700,"4,574",58.5
Queens,081,4,056800,"4,550",21.7
Queens,081,4,057700,"3,625",78.7
Queens,081,4,057900,"1,592",94.3
Queens,081,4,058000,"3,641",24.5
Queens,081,4,058100,"2,662",75.7
Queens,081,4,058200,"4,490",32.2
Queens,081,4,058300,"3,254",92.0
Queens,081,4,058500,"4,062",96.0
Queens,081,4,058700,"3,296",92.3
Queens,081,4,058900,"4,196",102.7
Queens,081,4,059000,"1,074",27.4
Queens,081,4,059100,"5,826",116.7
Queens,081,4,059200,"1,280",18.3
Queens,081,4,059300,"3,881",62.3
Queens,081,4,059400,"1,537",28.0
Queens,081,4,059500,"4,700",48.2
Queens,081,4,059600,"1,304",27.1
Queens,081,4,059800,"1,643",32.2
Queens,081,4,059900,"1,525",48.6
Queens,081,4,060000,"1,056",24.2
Queens,081,4,060100,"2,111",55.3
Queens,081,4,060300,"1,706",38.1
Queens,081,4,060600,"1,381",26.0
Queens,081,4,060701,25,0.1
Queens,081,4,060800,"1,413",27.0
Queens,081,4,061000,"1,268",21.6
Queens,081,4,061200,"1,597",24.6
Queens,081,4,061301,"5,295",30.0
Queens,081,4,061302,19,0.2
Queens,081,4,061400,"1,234",19.3
Queens,081,4,061601,"2,180",23.4
Queens,081,4,061602,"1,152",11.0
Queens,081,4,061800,"1,583",26.4
Queens,081,4,061900,"2,783",43.7
Queens,081,4,062000,"1,440",27.0
Queens,081,4,062100,"2,746",42.0
Queens,081,4,062200,"1,983",18.3
Queens,081,4,062300,"1,789",46.3
Queens,081,4,062400,1,0.0
Queens,081,4,062500,"2,388",48.6
Queens,081,4,062600,"2,620",24.5
Queens,081,4,062700,"2,879",74.1
Queens,081,4,062900,"2,782",64.7
Queens,081,4,063000,"1,579",33.4
Queens,081,4,063200,"2,134",29.1
Queens,081,4,063301,"1,416",42.6
Queens,081,4,063302,"1,476",44.7
Queens,081,4,063500,"2,513",53.6
Queens,081,4,063700,"3,148",18.4
Queens,081,4,063800,"3,425",20.0
Queens,081,4,063900,"2,747",43.7
Queens,081,4,064101,"1,960",87.7
Queens,081,4,064102,113,0.2
Queens,081,4,064500,"1,979",26.0
Queens,081,4,064600,"2,829",28.4
Queens,081,4,065000,"2,650",26.8
Queens,081,4,065400,"2,788",17.0
Queens,081,4,065501,0,0.0
Queens,081,4,065600,"4,853",34.3
Queens,081,4,065702,"1,675",46.7
Queens,081,4,065703,"2,597",39.3
Queens,081,4,065900,"1,666",34.7
Queens,081,4,066000,"3,233",33.8
Queens,081,4,066100,"1,495",45.4
Queens,081,4,066300,"2,601",20.1
Queens,081,4,066400,"9,612",14.2
Queens,081,4,066501,"3,275",40.4
Queens,081,4,066701,"2,575",41.2
Queens,081,4,066900,"1,706",43.1
Queens,081,4,067100,"2,100",37.1
Queens,081,4,067700,"1,786",38.9
Queens,081,4,067900,"4,094",65.6
Queens,081,4,068000,"4,708",24.8
Queens,081,4,068200,"1,102",19.2
Queens,081,4,068300,"4,210",69.3
Queens,081,4,068700,"4,630",71.1
Queens,081,4,069000,"3,252",37.5
Queens,081,4,069300,"2,883",87.2
Queens,081,4,069400,"3,314",25.7
Queens,081,4,069500,"2,128",39.9
Queens,081,4,069701,"3,616",113.0
Queens,081,4,069702,"3,911",35.7
Queens,081,4,070300,"2,010",33.8
Queens,081,4,070700,"2,303",42.1
Queens,081,4,070900,"2,483",45.9
Queens,081,4,071100,"5,272",56.8
Queens,081,4,071303,"4,973",139.2
Queens,081,4,071304,"6,136",153.1
Queens,081,4,071305,"4,871",148.8
Queens,081,4,071306,"5,811",137.6
Queens,081,4,071600,0,0.0
Queens,081,4,071701,"5,161",102.8
Queens,081,4,071702,"3,921",73.9
Queens,081,4,071900,"2,630",67.1
Queens,081,4,072100,"4,963",118.1
Queens,081,4,072300,"2,127",18.3
Queens,081,4,072900,"1,363",28.6
Queens,081,4,073100,"1,515",32.3
Queens,081,4,073700,"2,042",39.2
Queens,081,4,073900,"5,028",90.3
Queens,081,4,074100,"3,015",71.0
Queens,081,4,074300,"4,221",88.3
Queens,081,4,074500,"3,571",86.5
Queens,081,4,074700,"3,386",46.5
Queens,081,4,074900,"1,453",16.4
Queens,081,4,075701,"4,678",96.0
Queens,081,4,075702,"4,481",51.0
Queens,081,4,076901,"4,056",90.5
Queens,081,4,076902,"1,371",53.6
Queens,081,4,077300,"2,234",32.1
Queens,081,4,077500,"2,273",40.8
Queens,081,4,077902,"5,263",37.6
Queens,081,4,077903,"2,972",44.7
Queens,081,4,077904,"6,155",65.2
Queens,081,4,077905,"2,455",36.1
Queens,081,4,077906,"3,633",51.3
Queens,081,4,077907,"3,193",60.6
Queens,081,4,077908,"3,755",75.4
Queens,081,4,078800,"1,818",38.2
Queens,081,4,079000,"2,549",39.6
Queens,081,4,079200,"2,280",25.7
Queens,081,4,079300,1,0.0
Queens,081,4,079701,"7,055",256.5
Queens,081,4,079702,"4,502",63.0
Queens,081,4,079900,"3,425",48.4
Queens,081,4,080301,"4,382",54.8
Queens,081,4,080302,"3,504",32.4
Queens,081,4,080900,"6,850",27.5
Queens,081,4,081400,"3,543",39.0
Queens,081,4,081800,"3,478",37.4
Queens,081,4,083700,"5,388",28.1
Queens,081,4,083800,"4,970",40.6
Queens,081,4,084000,"6,478",46.1
Queens,081,4,084500,"5,318",114.3
Queens,081,4,084601,"2,730",33.2
Queens,081,4,084602,"1,053",5.9
Queens,081,4,084900,"7,642",102.0
Queens,081,4,085300,"5,764",119.5
Queens,081,4,085500,"6,649",206.2
Queens,081,4,085700,"5,953",181.8
Queens,081,4,085900,"5,873",162.6
Queens,081,4,086100,"2,370",64.5
Queens,081,4,086300,"7,277",204.3
Queens,081,4,086400,"2,634",9.7
Queens,081,4,086500,"4,514",116.5
Queens,081,4,086900,"2,131",14.9
Queens,081,4,087100,"1,752",16.9
Queens,081,4,088400,"7,337",19.1
Queens,081,4,088901,"10,266",66.7
Queens,081,4,089200,"7,430",10.5
Queens,081,4,090700,"1,355",2.6
Queens,081,4,091601,"4,079",5.1
Queens,081,4,091602,0,0.0
Queens,081,4,091800,17,0.1
Queens,081,4,091900,"5,766",55.0
Queens,081,4,092200,"2,206",13.2
Queens,081,4,092500,"3,681",47.7
Queens,081,4,092800,"3,246",17.2
Queens,081,4,092900,"6,496",28.6
Queens,081,4,093401,"3,789",28.5
Queens,081,4,093402,"3,657",38.4
Queens,081,4,093800,"5,218",25.5
Queens,081,4,093900,"4,400",27.4
Queens,081,4,094201,"3,380",36.8
Queens,081,4,094202,"4,700",24.7
Queens,081,4,094203,"5,369",45.7
Queens,081,4,094500,"3,971",10.5
Queens,081,4,094700,"2,577",38.3
Queens,081,4,095400,"5,368",26.9
Queens,081,4,096400,"4,441",20.0
Queens,081,4,097202,"2,795",21.7
Queens,081,4,097203,"6,865",18.4
Queens,081,4,097204,"3,544",36.6
Queens,081,4,097300,"2,016",15.7
Queens,081,4,098100,"2,249",14.2
Queens,081,4,098700,"2,444",15.1
Queens,081,4,099100,"6,507",24.2
Queens,081,4,099200,"3,803",25.8
Queens,081,4,099701,"2,670",11.3
Queens,081,4,099703,"3,892",24.5
Queens,081,4,099704,"6,868",40.6
Queens,081,4,099705,"2,632",24.9
Queens,081,4,099801,"7,608",67.1
Queens,081,4,099802,"5,283",44.6
Queens,081,4,099900,0,0.0
Queens,081,4,100801,"2,327",14.5
Queens,081,4,100802,"8,106",32.6
Queens,081,4,101001,"9,943",50.8
Queens,081,4,101002,"4,138",30.1
Queens,081,4,101700,"5,689",23.3
Queens,081,4,102900,"3,319",26.9
Queens,081,4,103201,"6,456",63.9
Queens,081,4,103202,"6,197",35.3
Queens,081,4,103300,"4,116",27.5
Queens,081,4,103900,"6,151",28.5
Queens,081,4,104700,"7,314",35.2
Queens,081,4,105900,"3,556",22.2
Queens,081,4,107201,"2,443",7.1
Queens,081,4,107202,0,0.0
Queens,081,4,108500,"2,613",23.4
Queens,081,4,109300,"3,034",10.9
Queens,081,4,109700,"1,887",17.3
Queens,081,4,109900,"3,277",34.6
Queens,081,4,111300,"2,559",14.8
Queens,081,4,112300,"2,102",30.5
Queens,081,4,112900,"2,242",25.6
Queens,081,4,113300,"1,537",24.7
Queens,081,4,113900,"3,322",35.0
Queens,081,4,114100,"2,406",21.7
Queens,081,4,114700,"1,673",21.9
Queens,081,4,115100,"1,116",16.0
Queens,081,4,115500,"2,114",45.7
Queens,081,4,115700,"3,388",43.7
Queens,081,4,115900,"3,991",52.3
Queens,081,4,116100,"4,589",104.1
Queens,081,4,116300,"9,104",146.3
Queens,081,4,116700,"2,067",50.4
Queens,081,4,117100,"2,743",27.9
Queens,081,4,117500,"4,990",36.0
Queens,081,4,118100,"1,840",38.1
Queens,081,4,118500,"2,114",55.1
Queens,081,4,118700,"2,521",54.5
Queens,081,4,118900,"2,468",49.4
Queens,081,4,119100,"3,273",60.8
Queens,081,4,119300,"2,252",43.2
Queens,081,4,119500,"1,349",28.8
Queens,081,4,119900,"1,507",33.1
Queens,081,4,120100,"1,668",41.4
Queens,081,4,120300,"1,642",36.1
Queens,081,4,120500,"3,024",60.5
Queens,081,4,120700,"2,794",16.3
Queens,081,4,121100,0,0.0
Queens,081,4,121500,"4,101",26.4
Queens,081,4,122300,"3,533",28.8
Queens,081,4,122701,"10,910",62.7
Queens,081,4,122702,"6,427",57.7
Queens,081,4,124100,"3,897",31.6
Queens,081,4,124700,"3,550",29.8
Queens,081,4,125700,"3,203",39.1
Queens,081,4,126500,"1,660",33.4
Queens,081,4,126700,"4,057",21.1
Queens,081,4,127700,"3,633",13.8
Queens,081,4,128300,73,0.1
Queens,081,4,129102,"3,341",13.4
Queens,081,4,129103,"3,566",31.6
Queens,081,4,129104,"4,102",23.7
Queens,081,4,130100,"3,791",21.9
Queens,081,4,133300,"3,679",21.4
Queens,081,4,133900,"1,302",23.3
Queens,081,4,134100,"3,259",22.4
Queens,081,4,134700,"9,572",36.4
Queens,081,4,136700,"5,879",30.9
Queens,081,4,137700,"6,606",35.7
Queens,081,4,138501,"4,743",19.3
Queens,081,4,138502,72,0.1
Queens,081,4,139900,"1,744",19.4
Queens,081,4,140300,"2,302",24.5
Queens,081,4,140901,914,15.4
Queens,081,4,140902,"2,603",19.3
Queens,081,4,141700,"4,475",20.2
Queens,081,4,142900,"3,624",27.5
Queens,081,4,143500,"2,199",25.2
Queens,081,4,144100,"2,926",35.0
Queens,081,4,144700,"2,927",28.9
Queens,081,4,145101,"1,360",21.8
Queens,081,4,145102,"2,468",28.5
Queens,081,4,145900,"2,772",30.3
Queens,081,4,146300,"3,000",37.2
Queens,081,4,146700,"2,736",31.3
Queens,081,4,147100,"3,341",32.2
Queens,081,4,147900,"4,241",18.7
Queens,081,4,148300,"2,863",8.6
Queens,081,4,150701,"2,930",13.5
Queens,081,4,150702,"3,178",14.9
Queens,081,4,152901,"6,401",18.4
Queens,081,4,152902,"5,126",20.0
Queens,081,4,155101,"1,806",15.5
Queens,081,4,155102,"8,185",23.1
Queens,081,4,156700,"1,790",5.1
Queens,081,4,157101,"7,216",23.5
Queens,081,4,157102,"1,996",25.9
Queens,081,4,157901,"4,800",21.1
Queens,081,4,157902,"3,836",21.5
Queens,081,4,157903,"3,944",23.2
Queens,081,4,161700,"4,297",24.6
Queens,081,4,162100,"6,197",35.3
Queens,081,4,990100,0,-
Staten Island,085,5,000300,"1,927",13.4
Staten Island,085,5,000600,"2,408",9.3
Staten Island,085,5,000700,"4,915",31.5
Staten Island,085,5,000800,"5,583",28.3
Staten Island,085,5,000900,"2,112",36.9
Staten Island,085,5,001100,"3,987",49.6
Staten Island,085,5,001700,"1,788",23.8
Staten Island,085,5,001800,731,2.8
Staten Island,085,5,002001,"2,504",20.6
Staten Island,085,5,002002,"3,258",16.6
Staten Island,085,5,002100,"4,236",13.7
Staten Island,085,5,002700,"2,217",35.8
Staten Island,085,5,002900,"5,207",40.0
Staten Island,085,5,003300,"3,402",16.1
Staten Island,085,5,003600,"2,510",24.7
Staten Island,085,5,003900,"2,197",15.3
Staten Island,085,5,004000,"12,998",44.4
Staten Island,085,5,004700,"3,863",17.4
Staten Island,085,5,005000,"3,847",19.9
Staten Island,085,5,005900,"2,635",7.7
Staten Island,085,5,006400,"3,550",20.2
Staten Island,085,5,006700,"2,758",11.7
Staten Island,085,5,007000,"8,525",12.6
Staten Island,085,5,007400,"4,693",28.8
Staten Island,085,5,007500,"3,914",33.0
Staten Island,085,5,007700,"1,535",25.0
Staten Island,085,5,008100,"4,301",21.2
Staten Island,085,5,008900,0,-
Staten Island,085,5,009601,"4,024",21.0
Staten Island,085,5,009602,"3,461",22.7
Staten Island,085,5,009700,"3,925",13.8
Staten Island,085,5,010500,"5,153",25.5
Staten Island,085,5,011201,"5,758",14.5
Staten Island,085,5,011202,"6,428",13.1
Staten Island,085,5,011401,"3,067",23.6
Staten Island,085,5,011402,"3,450",24.1
Staten Island,085,5,012100,"3,065",16.7
Staten Island,085,5,012200,"3,813",18.6
Staten Island,085,5,012500,"2,939",26.0
Staten Island,085,5,012804,"4,259",19.2
Staten Island,085,5,012805,"3,158",12.7
Staten Island,085,5,012806,"5,955",18.3
Staten Island,085,5,013201,"1,558",13.4
Staten Island,085,5,013203,"5,433",21.4
Staten Island,085,5,013204,"4,843",18.8
Staten Island,085,5,013301,"1,633",98.1
Staten Island,085,5,013302,"3,587",17.1
Staten Island,085,5,013400,"3,946",18.8
Staten Island,085,5,013800,"6,535",18.8
Staten Island,085,5,014100,"2,690",34.9
Staten Island,085,5,014604,"6,422",23.0
Staten Island,085,5,014605,"3,836",17.7
Staten Island,085,5,014606,"6,372",14.6
Staten Island,085,5,014607,"4,552",27.1
Staten Island,085,5,014608,"3,510",31.7
Staten Island,085,5,014700,"3,412",8.3
Staten Island,085,5,015100,"5,141",20.7
Staten Island,085,5,015400,0,0.0
Staten Island,085,5,015601,"6,330",17.9
Staten Island,085,5,015602,"3,320",15.2
Staten Island,085,5,015603,"4,265",16.5
Staten Island,085,5,016901,"2,970",15.1
Staten Island,085,5,017005,"4,507",12.2
Staten Island,085,5,017007,"4,968",13.8
Staten Island,085,5,017008,"7,388",28.7
Staten Island,085,5,017009,"4,299",16.2
Staten Island,085,5,017010,"8,583",31.3
Staten Island,085,5,017011,"4,549",25.6
Staten Island,085,5,017012,"4,279",17.2
Staten Island,085,5,017300,"2,523",29.7
Staten Island,085,5,017600,"4,815",5.7
Staten Island,085,5,017700,"7,001",8.0
Staten Island,085,5,018100,"2,974",2.3
Staten Island,085,5,018701,"1,807",19.2
Staten Island,085,5,018702,"7,485",29.8
Staten Island,085,5,018901,"5,333",19.9
Staten Island,085,5,018902,"5,064",25.8
Staten Island,085,5,019700,"1,867",25.2
Staten Island,085,5,019800,"6,300",4.4
Staten Island,085,5,020100,"3,572",23.0
Staten Island,085,5,020700,"6,399",27.1
Staten Island,085,5,020801,"8,977",14.0
Staten Island,085,5,020803,"6,463",12.5
Staten Island,085,5,020804,"5,323",16.2
Staten Island,085,5,021300,"5,376",27.7
Staten Island,085,5,022300,"2,880",15.0
Staten Island,085,5,022600,"8,490",4.2
Staten Island,085,5,022800,105,0.0
Staten Island,085,5,023100,"4,683",32.0
Staten Island,085,5,023900,"3,250",24.9
Staten Island,085,5,024401,"5,823",11.2
Staten Island,085,5,024402,"4,259",8.6
Staten Island,085,5,024700,"2,702",22.6
Staten Island,085,5,024800,"4,741",11.2
Staten Island,085,5,025100,"5,714",19.7
Staten Island,085,5,027301,"3,820",5.1
Staten Island,085,5,027302,"3,667",14.6
Staten Island,085,5,027702,"6,193",17.3
Staten Island,085,5,027704,"4,108",31.5
Staten Island,085,5,027705,"5,351",40.7
Staten Island,085,5,027706,"2,950",27.2
Staten Island,085,5,027900,"2,137",1.6
Staten Island,085,5,029102,"2,953",1.3
Staten Island,085,5,029103,"7,245",14.4
Staten Island,085,5,029104,"6,735",17.7
Staten Island,085,5,030301,"4,929",27.9
Staten Island,085,5,030302,"6,369",28.3
Staten Island,085,5,031901,"3,265",34.0
Staten Island,085,5,031902,"4,848",28.4
Staten Island,085,5,032300,"1,250",1.3
Staten Island,085,5,990100,0,-
