Borough,tractID,pop2010,popDens2010
Bronx,000100,"11,091",
Bronx,000200,"4,334",28.4
Bronx,000400,"5,503",38.5
Bronx,001600,"5,643",24.4
Bronx,001900,"1,917",47.1
Bronx,002000,"8,731",4.7
Bronx,002300,"4,933",89.3
Bronx,002400,4,191.0
Bronx,002500,"5,491",0.0
Bronx,002701,"3,113",174.1
Bronx,002702,"4,475",151.6
Bronx,002800,"5,586",115.1
Bronx,003100,"1,597",54.1
Bronx,003300,"3,413",41.4
Bronx,003500,"3,761",91.6
Bronx,003700,245,107.2
Bronx,003800,"1,264",5.9
Bronx,003900,"6,475",80.7
Bronx,004001,"1,420",121.2
Bronx,004100,"6,127",46.7
Bronx,004200,"7,143",134.2
Bronx,004300,"5,056",59.8
Bronx,004400,"4,797",90.8
Bronx,004600,"1,555",73.7
Bronx,004800,"3,883",46.5
Bronx,005001,"4,767",105.9
Bronx,005002,"5,823",197.1
Bronx,005100,"5,810",206.9
Bronx,005200,"2,031",48.1
Bronx,005300,"4,669",45.0
Bronx,005400,"5,853",281.3
Bronx,005600,"2,711",118.6
Bronx,005902,"2,582",80.6
Bronx,006000,"1,129",148.6
Bronx,006100,"3,713",14.0
Bronx,006200,"6,585",62.0
Bronx,006300,"5,280",138.1
Bronx,006400,"3,967",20.8
Bronx,006500,"5,337",97.7
Bronx,006700,"6,984",82.3
Bronx,006800,"2,897",133.1
Bronx,006900,"7,564",75.0
Bronx,007000,"4,584",162.8
Bronx,007100,"1,907",90.5
Bronx,007200,"5,432",29.2
Bronx,007300,"3,893",103.4
Bronx,007400,"3,710",112.4
Bronx,007500,"4,869",80.2
Bronx,007600,"5,190",86.5
Bronx,007700,"1,927",96.7
Bronx,007800,"6,418",69.1
Bronx,007900,"6,733",84.5
Bronx,008300,"6,155",137.7
Bronx,008400,"2,374",116.4
Bronx,008500,"5,457",61.3
Bronx,008600,"4,176",121.6
Bronx,008700,"5,466",90.1
Bronx,008900,"3,177",103.6
Bronx,009000,"3,667",117.4
Bronx,009200,"5,017",15.3
Bronx,009300,"6,356",65.8
Bronx,009600,"2,594",11.2
Bronx,009800,"5,038",15.0
Bronx,011000,151,39.5
Bronx,011502,"4,340",0.3
Bronx,011700,"1,585",51.3
Bronx,011800,"5,089",4.7
Bronx,011900,"5,698",19.0
Bronx,012101,"3,090",139.2
Bronx,012102,"1,631",107.5
Bronx,012300,"4,152",130.0
Bronx,012500,"3,905",57.7
Bronx,012701,"2,253",93.6
Bronx,012901,"4,015",84.7
Bronx,013000,"1,032",103.9
Bronx,013100,"5,103",36.0
Bronx,013200,"5,890",88.9
Bronx,013300,"6,384",39.5
Bronx,013500,"3,583",160.3
Bronx,013800,"3,042",86.6
Bronx,014100,"3,437",16.2
Bronx,014300,"1,003",78.5
Bronx,014400,"5,880",31.3
Bronx,014500,"5,816",61.5
Bronx,014701,"6,461",129.7
Bronx,014702,"5,110",188.2
Bronx,014900,"4,591",177.8
Bronx,015100,"5,409",119.7
Bronx,015200,"2,341",104.5
Bronx,015300,"4,031",31.2
Bronx,015500,"3,005",69.9
Bronx,015700,"3,580",102.4
Bronx,015800,"1,206",45.3
Bronx,015900,"2,164",29.9
Bronx,016000,"3,767",84.7
Bronx,016100,"4,380",30.8
Bronx,016200,"1,769",73.5
Bronx,016300,0,39.6
Bronx,016400,"1,141",0.0
Bronx,016500,"1,077",28.1
Bronx,016600,"2,166",23.2
Bronx,016700,"2,047",29.0
Bronx,016900,"1,663",39.8
Bronx,017100,0,72.4
Bronx,017300,"5,987",0.0
Bronx,017500,"6,911",146.6
Bronx,017701,"4,294",184.5
Bronx,017702,"4,805",163.0
Bronx,017901,"4,677",138.2
Bronx,017902,"3,587",246.7
Bronx,018101,"3,300",187.2
Bronx,018102,"5,555",173.0
Bronx,018301,"4,525",233.2
Bronx,018302,"3,647",269.8
Bronx,018400,"3,855",131.4
Bronx,018500,"7,466",35.0
Bronx,018900,"7,752",73.3
Bronx,019300,"5,461",89.7
Bronx,019400,"1,903",92.5
Bronx,019500,"7,756",8.8
Bronx,019700,"7,501",142.8
Bronx,019900,"8,154",205.1
Bronx,020000,"4,878",186.0
Bronx,020100,"4,013",56.3
Bronx,020200,"2,155",56.9
Bronx,020400,"2,976",69.9
Bronx,020501,"6,996",88.9
Bronx,020502,"1,764",103.4
Bronx,020601,"3,050",68.6
Bronx,020900,"4,361",82.1
Bronx,021001,"8,521",133.2
Bronx,021002,"6,839",179.2
Bronx,021100,"5,565",160.2
Bronx,021200,"5,267",148.1
Bronx,021301,"1,201",212.4
Bronx,021302,"5,415",72.5
Bronx,021501,"3,506",132.8
Bronx,021502,"6,051",158.1
Bronx,021601,"4,206",157.5
Bronx,021602,"5,769",103.7
Bronx,021700,"5,334",140.7
Bronx,021800,"6,499",134.7
Bronx,021900,"1,367",82.0
Bronx,022000,"1,487",39.1
Bronx,022101,"3,849",25.9
Bronx,022102,"5,488",227.2
Bronx,022200,"3,425",279.3
Bronx,022300,"5,047",62.6
Bronx,022401,"2,708",223.1
Bronx,022403,"3,188",129.1
Bronx,022404,"4,509",103.3
Bronx,022500,"7,698",196.8
Bronx,022701,"5,196",173.7
Bronx,022702,"1,699",179.7
Bronx,022703,"1,556",142.7
Bronx,022800,"6,218",151.7
Bronx,022901,"5,370",146.1
Bronx,022902,"3,273",181.7
Bronx,023000,"2,950",140.8
Bronx,023100,"1,537",74.9
Bronx,023200,"2,661",50.9
Bronx,023301,"4,377",75.5
Bronx,023302,"3,415",147.3
Bronx,023501,"3,341",211.8
Bronx,023502,"4,386",203.1
Bronx,023600,"1,907",186.2
Bronx,023702,"1,241",83.7
Bronx,023703,"5,253",105.5
Bronx,023704,"3,758",211.3
Bronx,023800,"2,615",225.4
Bronx,023900,"8,348",31.0
Bronx,024000,"3,882",190.9
Bronx,024100,"6,182",65.7
Bronx,024300,"5,685",186.0
Bronx,024400,"2,120",152.0
Bronx,024501,"4,864",49.3
Bronx,024502,"3,640",176.9
Bronx,024600,"2,058",146.5
Bronx,024700,"1,764",54.6
Bronx,024800,"3,363",51.0
Bronx,024900,0,49.0
Bronx,025000,"2,383",0.0
Bronx,025100,"6,802",53.1
Bronx,025200,"2,530",132.3
Bronx,025300,"6,332",53.7
Bronx,025400,"1,959",204.1
Bronx,025500,"6,529",46.7
Bronx,025600,"1,663",151.5
Bronx,025700,"1,912",35.6
Bronx,026100,"1,932",49.2
Bronx,026300,"6,984",45.1
Bronx,026400,"4,935",177.9
Bronx,026500,"6,942",46.9
Bronx,026601,"2,911",140.5
Bronx,026602,"5,301",70.0
Bronx,026701,"4,037",70.3
Bronx,026702,"7,040",228.9
Bronx,026900,"3,777",172.1
Bronx,027300,"7,942",39.7
Bronx,027401,"4,785",150.7
Bronx,027402,"3,386",27.5
Bronx,027600,473,28.2
Bronx,027700,"5,065",1.3
Bronx,027900,"6,966",119.2
Bronx,028100,"3,794",106.5
Bronx,028300,"3,149",119.2
Bronx,028400,894,53.6
Bronx,028500,"3,307",3.2
Bronx,028600,"1,191",50.4
Bronx,028700,"3,178",25.1
Bronx,028800,"3,097",82.8
Bronx,028900,"4,502",37.3
Bronx,029301,"1,875",91.9
Bronx,029302,"5,052",26.2
Bronx,029500,"4,240",48.2
Bronx,029600,"2,549",73.6
Bronx,029700,"3,554",14.2
Bronx,030000,"5,838",59.8
Bronx,030100,"1,304",56.9
Bronx,030200,"8,887",36.6
Bronx,030701,"5,378",81.0
Bronx,030900,"3,891",55.8
Bronx,031000,"4,415",11.5
Bronx,031200,"1,524",28.2
Bronx,031400,"1,966",30.4
Bronx,031600,"1,863",37.8
Bronx,031800,"1,810",42.6
Bronx,031900,751,41.1
Bronx,032300,"4,904",14.3
Bronx,032400,"2,957",35.9
Bronx,032600,"3,154",44.6
Bronx,032800,"3,979",38.5
Bronx,033000,"5,696",78.7
Bronx,033201,"4,115",111.8
Bronx,033202,"4,167",146.0
Bronx,033400,"1,351",146.4
Bronx,033500,"2,178",1.8
Bronx,033600,"6,188",12.7
Bronx,033700,"2,357",135.8
Bronx,033800,"3,818",22.0
Bronx,034000,"4,618",95.7
Bronx,034200,"1,675",118.0
Bronx,034300,"1,649",43.2
Bronx,034400,"1,736",55.0
Bronx,034500,"3,566",44.7
Bronx,034800,"6,129",53.1
Bronx,035000,"1,925",56.7
Bronx,035100,"3,186",40.7
Bronx,035600,"2,027",22.9
Bronx,035800,"7,166",20.5
Bronx,035900,"2,061",44.4
Bronx,036000,"2,706",66.1
Bronx,036100,"6,019",41.1
Bronx,036300,"7,509",150.1
Bronx,036400,"2,557",136.3
Bronx,036501,"3,965",51.2
Bronx,036502,"2,423",170.2
Bronx,036700,"2,599",99.9
Bronx,036800,"2,011",113.3
Bronx,036901,"2,005",48.0
Bronx,036902,"2,119",86.6
Bronx,037000,"2,303",125.7
Bronx,037100,"4,241",58.7
Bronx,037200,"2,222",86.6
Bronx,037300,"5,318",48.2
Bronx,037400,"3,441",124.1
Bronx,037504,"3,677",83.4
Bronx,037600,"2,148",62.2
Bronx,037800,"3,048",68.8
Bronx,037900,"5,093",95.0
Bronx,038000,"4,585",107.2
Bronx,038100,"6,382",86.2
Bronx,038200,"2,596",173.1
Bronx,038301,"4,797",66.9
Bronx,038302,"6,106",204.1
Bronx,038500,"4,758",170.3
Bronx,038600,"7,409",100.8
Bronx,038700,"3,216",73.2
Bronx,038800,"2,606",71.0
Bronx,038900,"5,325",71.0
Bronx,039000,"2,975",124.1
Bronx,039100,"6,992",66.3
Bronx,039200,"1,781",137.1
Bronx,039300,"8,143",75.0
Bronx,039400,"4,573",180.6
Bronx,039500,"4,146",127.5
Bronx,039600,"3,756",40.9
Bronx,039700,"3,702",68.1
Bronx,039800,"3,090",28.7
Bronx,039901,"5,228",61.9
Bronx,039902,"5,279",138.3
Bronx,040100,"4,593",174.2
Bronx,040302,"4,386",109.1
Bronx,040303,"4,478",282.8
Bronx,040304,"3,794",208.6
Bronx,040400,"3,016",228.0
Bronx,040501,"4,397",56.7
Bronx,040502,"6,863",219.3
Bronx,040600,"3,490",196.6
Bronx,040701,"3,347",63.2
Bronx,040702,"6,652",232.6
Bronx,040800,"4,263",148.0
Bronx,040900,"3,637",136.9
Bronx,041100,"2,931",17.9
Bronx,041300,"7,384",98.2
Bronx,041400,"5,027",172.0
Bronx,041500,"5,461",38.9
Bronx,041800,"3,598",162.3
Bronx,041900,"6,734",54.1
Bronx,042000,"3,850",83.4
Bronx,042100,"5,922",103.5
Bronx,042200,"3,086",96.3
Bronx,042300,"4,100",71.6
Bronx,042400,"2,481",91.6
Bronx,042500,"6,793",57.3
Bronx,042600,"6,387",94.5
Bronx,042800,"2,173",50.9
Bronx,042901,"3,420",52.0
Bronx,042902,"3,845",135.3
Bronx,043000,"2,898",161.7
Bronx,043100,"9,680",56.9
Bronx,043400,"3,592",182.7
Bronx,043500,39,41.4
Bronx,043600,"2,032",0.0
Bronx,044200,"3,555",53.2
Bronx,044400,"3,878",60.2
Bronx,044800,"2,026",43.0
Bronx,044901,"1,818",48.8
Bronx,044902,"1,949",46.5
Bronx,045101,"1,656",50.3
Bronx,045102,"1,894",38.3
Bronx,045600,"2,896",37.0
Bronx,045800,"6,123",14.2
Bronx,046000,"2,741",103.4
Bronx,046201,"26,588",38.5
Bronx,046202,"8,277",51.7
Bronx,048400,"3,598",35.4
Bronx,050400,39,20.8
Bronx,051600,"4,362",0.0
Brooklyn,000100,"4,338",10.8
Brooklyn,000200,"1,470",78.6
Brooklyn,000301,"4,259",20.4
Brooklyn,000501,"4,247",80.2
Brooklyn,000502,"2,512",205.3
Brooklyn,000700,"3,359",105.0
Brooklyn,000900,"4,172",78.0
Brooklyn,001100,84,104.6
Brooklyn,001300,"2,275",2.0
Brooklyn,001500,"3,521",31.5
Brooklyn,001800,"2,105",46.6
Brooklyn,002000,"1,672",3.6
Brooklyn,002100,"3,604",43.9
Brooklyn,002200,"4,613",29.5
Brooklyn,002300,"4,247",55.6
Brooklyn,002901,"3,218",94.4
Brooklyn,003000,"1,730",125.6
Brooklyn,003100,"2,472",62.5
Brooklyn,003300,"2,327",34.7
Brooklyn,003400,"3,047",57.2
Brooklyn,003500,"1,554",26.2
Brooklyn,003600,"3,804",47.3
Brooklyn,003700,390,122.9
Brooklyn,003800,"1,498",9.4
Brooklyn,003900,"2,229",46.5
Brooklyn,004100,"3,598",57.5
Brooklyn,004300,"3,008",89.9
Brooklyn,004400,"2,359",73.2
Brooklyn,004500,"3,325",22.2
Brooklyn,004600,"1,199",78.9
Brooklyn,004700,"1,445",16.2
Brooklyn,004900,"2,516",17.7
Brooklyn,005000,"2,276",104.4
Brooklyn,005100,"2,171",37.8
Brooklyn,005201,"1,829",48.4
Brooklyn,005202,"2,481",51.6
Brooklyn,005300,"1,888",67.8
Brooklyn,005400,"3,139",4.6
Brooklyn,005601,"2,505",76.2
Brooklyn,005602,"1,586",56.5
Brooklyn,005800,"3,152",39.3
Brooklyn,005900,"1,384",66.0
Brooklyn,006000,"2,826",15.7
Brooklyn,006200,"2,853",75.1
Brooklyn,006300,"1,892",71.1
Brooklyn,006400,"3,478",75.9
Brooklyn,006500,"5,191",69.3
Brooklyn,006600,"3,663",83.7
Brooklyn,006700,"3,301",96.4
Brooklyn,006800,"4,870",85.6
Brooklyn,006900,"3,537",106.2
Brooklyn,007000,"2,344",79.9
Brooklyn,007100,"4,495",64.4
Brooklyn,007200,"1,946",108.6
Brooklyn,007400,"5,451",119.8
Brooklyn,007500,"4,383",153.5
Brooklyn,007600,"4,412",62.7
Brooklyn,007700,"3,901",128.7
Brooklyn,007800,"5,068",40.3
Brooklyn,008000,"4,169",148.5
Brooklyn,008200,"4,141",124.6
Brooklyn,008400,"3,299",124.4
Brooklyn,008500,"6,956",56.2
Brooklyn,008600,0,115.6
Brooklyn,008800,"3,207",0.0
Brooklyn,009000,"2,994",68.5
Brooklyn,009200,"5,388",81.6
Brooklyn,009400,"5,805",192.6
Brooklyn,009600,"6,126",155.5
Brooklyn,009800,"7,024",164.5
Brooklyn,010000,"6,737",188.3
Brooklyn,010100,"4,093",180.6
Brooklyn,010200,"5,622",53.5
Brooklyn,010400,"5,908",149.2
Brooklyn,010600,"5,851",157.0
Brooklyn,010800,"5,280",156.9
Brooklyn,011000,"2,441",141.5
Brooklyn,011200,"6,436",62.5
Brooklyn,011400,"3,976",152.0
Brooklyn,011600,"4,816",95.9
Brooklyn,011700,"2,364",121.6
Brooklyn,011800,"2,253",47.2
Brooklyn,011900,"1,530",41.6
Brooklyn,012000,"1,268",9.4
Brooklyn,012100,"1,619",26.6
Brooklyn,012200,"5,339",44.2
Brooklyn,012600,"2,652",112.9
Brooklyn,012700,"3,507",47.4
Brooklyn,012801,"2,117",86.9
Brooklyn,012901,"2,159",74.5
Brooklyn,012902,"1,964",63.8
Brooklyn,013000,"4,792",62.5
Brooklyn,013100,"3,828",109.9
Brooklyn,013200,"2,239",99.1
Brooklyn,013300,"3,730",58.6
Brooklyn,013400,"3,907",101.6
Brooklyn,013500,"3,596",58.9
Brooklyn,013600,"3,927",95.8
Brooklyn,013700,"3,057",73.6
Brooklyn,013800,"3,168",81.2
Brooklyn,013900,"3,481",78.9
Brooklyn,014000,"1,826",93.1
Brooklyn,014100,"3,017",50.5
Brooklyn,014200,"3,223",73.8
Brooklyn,014300,"3,487",64.7
Brooklyn,014500,"4,179",65.0
Brooklyn,014700,"2,084",77.4
Brooklyn,014800,"1,209",78.0
Brooklyn,014900,"4,976",36.7
Brooklyn,015000,"1,574",81.5
Brooklyn,015100,"3,578",47.7
Brooklyn,015200,"2,309",97.0
Brooklyn,015300,"3,041",35.0
Brooklyn,015400,0,81.8
Brooklyn,015500,"3,272",0.0
Brooklyn,015700,"4,135",88.5
Brooklyn,015900,"5,036",100.0
Brooklyn,016000,"4,217",81.3
Brooklyn,016100,"3,075",65.9
Brooklyn,016200,"2,082",68.2
Brooklyn,016300,"2,991",34.9
Brooklyn,016400,764,65.8
Brooklyn,016500,"5,141",3.9
Brooklyn,016600,"2,059",111.6
Brooklyn,016700,"4,638",31.2
Brooklyn,016800,"1,510",111.1
Brooklyn,016900,"4,497",35.6
Brooklyn,017000,"3,254",86.9
Brooklyn,017100,"3,749",63.0
Brooklyn,017200,"2,931",72.9
Brooklyn,017400,"1,793",57.5
Brooklyn,017500,5,42.6
Brooklyn,017600,"2,295",0.0
Brooklyn,017700,0,65.2
Brooklyn,017800,"2,898",0.0
Brooklyn,017900,"3,624",71.5
Brooklyn,018000,"3,193",92.3
Brooklyn,018100,"3,936",73.4
Brooklyn,018200,"3,163",94.3
Brooklyn,018300,"2,500",77.4
Brooklyn,018400,"2,002",73.7
Brooklyn,018501,"3,827",54.3
Brooklyn,018600,"2,124",148.0
Brooklyn,018700,"1,411",76.0
Brooklyn,018800,"2,640",70.6
Brooklyn,019000,"4,782",61.0
Brooklyn,019100,"2,332",90.9
Brooklyn,019200,"2,772",37.7
Brooklyn,019300,"5,628",59.1
Brooklyn,019400,"3,305",84.4
Brooklyn,019500,"3,366",75.0
Brooklyn,019600,"4,353",99.4
Brooklyn,019700,"3,313",93.6
Brooklyn,019800,"1,702",78.9
Brooklyn,019900,"2,929",51.1
Brooklyn,020000,"2,265",62.7
Brooklyn,020100,"3,421",68.0
Brooklyn,020200,"1,874",78.9
Brooklyn,020300,"1,697",56.2
Brooklyn,020400,"1,708",48.8
Brooklyn,020500,"2,469",51.3
Brooklyn,020600,"2,220",62.6
Brooklyn,020700,"4,310",52.7
Brooklyn,020800,"3,048",125.7
Brooklyn,021000,"3,968",86.1
Brooklyn,021100,"1,210",107.0
Brooklyn,021200,"4,643",25.4
Brooklyn,021300,"4,205",98.5
Brooklyn,021400,"2,152",92.4
Brooklyn,021500,"5,307",51.8
Brooklyn,021600,"4,015",139.0
Brooklyn,021700,"3,597",96.6
Brooklyn,021800,"3,761",121.6
Brooklyn,021900,"3,595",96.4
Brooklyn,022000,"4,939",98.9
Brooklyn,022100,"3,609",102.9
Brooklyn,022200,"4,693",97.4
Brooklyn,022400,"5,486",107.8
Brooklyn,022600,"2,516",126.5
Brooklyn,022700,"3,454",65.2
Brooklyn,022800,"3,306",58.1
Brooklyn,022900,"3,395",79.9
Brooklyn,023000,"4,515",80.0
Brooklyn,023100,"3,025",121.0
Brooklyn,023200,"5,699",76.8
Brooklyn,023300,"5,061",101.9
Brooklyn,023400,"5,059",119.2
Brooklyn,023500,"3,928",120.6
Brooklyn,023600,"5,600",112.3
Brooklyn,023800,"4,590",133.4
Brooklyn,024000,"4,693",109.3
Brooklyn,024100,"2,229",111.9
Brooklyn,024200,"2,984",50.1
Brooklyn,024300,"3,786",63.1
Brooklyn,024400,"3,238",99.3
Brooklyn,024500,"3,946",84.4
Brooklyn,024600,"3,256",95.7
Brooklyn,024700,"2,316",76.2
Brooklyn,024800,"2,698",51.5
Brooklyn,024900,"3,823",62.0
Brooklyn,025000,"1,722",91.8
Brooklyn,025100,"3,816",40.2
Brooklyn,025200,"4,786",111.5
Brooklyn,025300,"2,754",106.9
Brooklyn,025400,"3,500",68.9
Brooklyn,025500,"5,102",80.7
Brooklyn,025600,"3,058",148.9
Brooklyn,025700,"2,131",71.4
Brooklyn,025800,"4,597",47.6
Brooklyn,025901,"2,010",109.3
Brooklyn,025902,"3,419",101.4
Brooklyn,026000,"3,649",232.1
Brooklyn,026100,"4,917",90.7
Brooklyn,026200,"2,374",99.8
Brooklyn,026300,"1,868",60.9
Brooklyn,026400,"4,592",63.2
Brooklyn,026500,"3,838",98.1
Brooklyn,026600,"3,733",97.3
Brooklyn,026700,"3,920",91.1
Brooklyn,026800,"4,188",99.4
Brooklyn,026900,"2,770",94.7
Brooklyn,027000,"2,449",83.7
Brooklyn,027100,"2,471",74.0
Brooklyn,027200,"3,480",38.2
Brooklyn,027300,"2,813",106.6
Brooklyn,027400,"3,028",76.0
Brooklyn,027500,"4,180",75.0
Brooklyn,027600,"3,694",104.4
Brooklyn,027700,"3,945",100.1
Brooklyn,027800,"3,220",98.5
Brooklyn,027900,"3,674",81.2
Brooklyn,028000,"1,761",91.8
Brooklyn,028100,"4,193",48.8
Brooklyn,028200,"2,943",104.8
Brooklyn,028300,"4,097",65.9
Brooklyn,028400,"4,003",136.0
Brooklyn,028501,428,98.6
Brooklyn,028502,"2,802",20.8
Brooklyn,028600,"4,814",94.6
Brooklyn,028700,"2,991",109.4
Brooklyn,028800,"3,458",81.2
Brooklyn,028900,"3,538",91.6
Brooklyn,029000,"3,920",86.5
Brooklyn,029100,"3,101",102.5
Brooklyn,029200,"2,539",76.2
Brooklyn,029300,"3,106",51.6
Brooklyn,029400,"2,321",76.4
Brooklyn,029500,"3,425",49.7
Brooklyn,029600,"5,546",84.2
Brooklyn,029700,"3,344",104.8
Brooklyn,029800,"3,717",65.8
Brooklyn,029900,"2,579",68.1
Brooklyn,030000,"4,120",72.7
Brooklyn,030100,"2,750",85.5
Brooklyn,030200,"4,214",57.2
Brooklyn,030300,"4,458",80.7
Brooklyn,030400,"4,281",71.1
Brooklyn,030500,"5,549",37.9
Brooklyn,030600,"2,005",69.6
Brooklyn,030700,"4,544",41.9
Brooklyn,030800,"1,949",69.2
Brooklyn,030900,"1,754",11.5
Brooklyn,031100,"2,833",49.8
Brooklyn,031300,"4,648",78.6
Brooklyn,031400,"4,544",108.1
Brooklyn,031500,"5,175",21.1
Brooklyn,031701,"3,433",116.5
Brooklyn,031702,"3,363",99.4
Brooklyn,031900,"3,508",97.4
Brooklyn,032100,"5,001",93.8
Brooklyn,032300,"3,554",126.4
Brooklyn,032500,"6,405",83.1
Brooklyn,032600,"6,948",153.9
Brooklyn,032700,"2,924",85.5
Brooklyn,032800,"3,138",66.8
Brooklyn,032900,"5,582",54.5
Brooklyn,033000,"4,587",144.4
Brooklyn,033100,"4,520",54.8
Brooklyn,033300,"4,085",128.4
Brooklyn,033500,"3,139",88.7
Brooklyn,033600,"4,759",70.3
Brooklyn,033700,"4,105",28.4
Brooklyn,033900,"4,376",84.1
Brooklyn,034000,"2,248",98.0
Brooklyn,034100,"2,607",70.1
Brooklyn,034200,"6,502",75.5
Brooklyn,034300,"5,281",114.4
Brooklyn,034500,"2,647",131.8
Brooklyn,034700,"3,228",65.5
Brooklyn,034800,"2,537",93.5
Brooklyn,034900,"5,403",17.8
Brooklyn,035000,"3,296",134.0
Brooklyn,035100,"4,597",67.9
Brooklyn,035200,"1,246",114.1
Brooklyn,035300,"5,161",5.4
Brooklyn,035400,"6,271",128.1
Brooklyn,035500,"5,253",66.9
Brooklyn,035601,"2,912",153.6
Brooklyn,035602,"5,271",183.3
Brooklyn,035700,"2,506",122.0
Brooklyn,035900,"5,685",55.9
Brooklyn,036001,"3,217",124.9
Brooklyn,036002,"3,930",137.1
Brooklyn,036100,"2,608",184.9
Brooklyn,036200,"4,204",76.2
Brooklyn,036300,"4,108",99.4
Brooklyn,036400,"2,405",64.0
Brooklyn,036501,"2,624",67.9
Brooklyn,036502,"1,255",84.0
Brooklyn,036600,"4,767",42.2
Brooklyn,036700,"1,305",83.0
Brooklyn,036900,"4,923",28.5
Brooklyn,037000,"4,085",87.9
Brooklyn,037100,"4,120",48.9
Brooklyn,037300,"3,784",88.1
Brooklyn,037401,"4,301",89.6
Brooklyn,037402,"4,573",77.2
Brooklyn,037500,"2,910",61.5
Brooklyn,037700,"3,660",74.2
Brooklyn,037900,"3,706",77.9
Brooklyn,038100,"4,763",81.6
Brooklyn,038200,"5,943",80.5
Brooklyn,038300,"3,931",103.2
Brooklyn,038500,"3,422",91.1
Brooklyn,038600,"3,477",79.4
Brooklyn,038700,"4,010",56.0
Brooklyn,038800,"3,841",86.2
Brooklyn,038900,"2,773",78.5
Brooklyn,039000,"2,282",68.9
Brooklyn,039100,"2,303",53.1
Brooklyn,039200,"2,756",56.1
Brooklyn,039300,"3,549",63.9
Brooklyn,039400,"2,441",75.7
Brooklyn,039500,"3,380",51.4
Brooklyn,039600,"2,126",85.6
Brooklyn,039700,"3,389",52.7
Brooklyn,039800,"2,644",86.2
Brooklyn,039900,"3,823",52.7
Brooklyn,040000,"3,069",102.3
Brooklyn,040100,"3,518",64.7
Brooklyn,040200,"2,740",89.2
Brooklyn,040300,"3,538",56.1
Brooklyn,040400,"2,551",68.1
Brooklyn,040500,"1,480",67.2
Brooklyn,040600,"3,184",43.4
Brooklyn,040700,14,87.6
Brooklyn,040800,"3,566",0.1
Brooklyn,040900,"3,752",94.4
Brooklyn,041000,"1,773",90.3
Brooklyn,041100,"3,302",50.2
Brooklyn,041200,"2,929",99.0
Brooklyn,041300,"3,822",71.7
Brooklyn,041401,"1,351",95.4
Brooklyn,041402,"1,612",40.5
Brooklyn,041500,"4,064",42.4
Brooklyn,041600,"2,324",101.1
Brooklyn,041700,"3,609",57.9
Brooklyn,041800,"2,359",103.5
Brooklyn,041900,"3,770",58.1
Brooklyn,042000,"1,896",99.7
Brooklyn,042100,"3,920",45.5
Brooklyn,042200,"3,568",103.4
Brooklyn,042300,"4,217",63.4
Brooklyn,042400,"3,666",93.6
Brooklyn,042500,"3,042",92.1
Brooklyn,042600,"4,135",73.4
Brooklyn,042700,"5,074",98.4
Brooklyn,042800,"3,857",137.7
Brooklyn,042900,"5,630",94.8
Brooklyn,043000,"3,333",135.5
Brooklyn,043100,"5,113",84.3
Brooklyn,043200,"4,250",123.0
Brooklyn,043300,"4,064",115.6
Brooklyn,043400,"3,433",97.8
Brooklyn,043500,"4,463",99.5
Brooklyn,043600,"4,160",107.4
Brooklyn,043700,"5,240",122.4
Brooklyn,043800,"2,481",126.9
Brooklyn,043900,"3,829",64.3
Brooklyn,044000,"2,880",77.7
Brooklyn,044100,"5,643",57.8
Brooklyn,044200,"2,658",161.0
Brooklyn,044300,"5,557",58.8
Brooklyn,044400,"3,336",135.1
Brooklyn,044500,"4,446",77.3
Brooklyn,044600,"1,909",108.3
Brooklyn,044700,"2,310",54.6
Brooklyn,044800,"1,915",58.7
Brooklyn,044900,"2,932",35.4
Brooklyn,045000,673,5.6
Brooklyn,045200,"2,701",12.0
Brooklyn,045300,"2,017",58.7
Brooklyn,045400,"1,852",25.5
Brooklyn,045600,"2,357",56.6
Brooklyn,045800,"1,490",62.1
Brooklyn,046000,"3,729",33.6
Brooklyn,046201,"2,632",77.0
Brooklyn,046202,"1,803",83.0
Brooklyn,046400,"2,838",41.2
Brooklyn,046800,"2,054",67.9
Brooklyn,047000,"2,886",29.0
Brooklyn,047200,"3,141",64.2
Brooklyn,047400,"2,969",73.6
Brooklyn,047600,"3,646",68.3
Brooklyn,047700,"3,318",71.2
Brooklyn,047800,"4,848",61.2
Brooklyn,048000,"3,769",88.7
Brooklyn,048100,"2,778",99.0
Brooklyn,048200,"5,331",74.3
Brooklyn,048400,"5,481",110.2
Brooklyn,048500,"2,510",106.0
Brooklyn,048600,"3,568",17.5
Brooklyn,048800,"4,395",82.3
Brooklyn,048900,"4,039",124.1
Brooklyn,049000,"5,899",178.4
Brooklyn,049100,"6,418",123.9
Brooklyn,049200,"3,495",121.9
Brooklyn,049300,"7,625",85.6
Brooklyn,049400,"5,308",135.3
Brooklyn,049500,"2,603",117.3
Brooklyn,049600,"4,513",81.6
Brooklyn,049700,"2,645",90.0
Brooklyn,049800,"4,232",64.8
Brooklyn,049900,"1,753",83.8
Brooklyn,050000,"3,474",50.3
Brooklyn,050100,"2,786",70.8
Brooklyn,050202,"2,201",64.7
Brooklyn,050300,"2,582",64.2
Brooklyn,050400,"4,527",83.4
Brooklyn,050500,"4,163",78.8
Brooklyn,050600,"6,016",99.5
Brooklyn,050700,"2,288",147.8
Brooklyn,050801,"4,080",53.0
Brooklyn,050803,"2,464",211.1
Brooklyn,050804,"6,250",177.8
Brooklyn,050900,"3,694",245.3
Brooklyn,051001,"3,926",105.4
Brooklyn,051002,"4,725",206.5
Brooklyn,051100,"3,933",178.6
Brooklyn,051200,"6,398",100.1
Brooklyn,051300,"4,332",185.1
Brooklyn,051400,"7,366",67.6
Brooklyn,051500,"1,372",164.6
Brooklyn,051601,"5,732",29.7
Brooklyn,051602,"4,028",199.9
Brooklyn,051700,"1,735",179.1
Brooklyn,051800,"3,415",37.5
Brooklyn,051900,"3,564",68.6
Brooklyn,052000,"4,228",52.7
Brooklyn,052300,"5,469",89.8
Brooklyn,052500,"3,499",155.8
Brooklyn,052600,"4,357",112.9
Brooklyn,052700,"6,629",104.1
Brooklyn,052800,"1,818",140.7
Brooklyn,052900,"3,979",41.9
Brooklyn,053000,"3,465",92.1
Brooklyn,053100,"7,027",80.9
Brooklyn,053200,"2,579",176.0
Brooklyn,053300,"6,566",59.9
Brooklyn,053400,"4,383",137.1
Brooklyn,053500,"4,348",102.3
Brooklyn,053700,"3,575",135.7
Brooklyn,053800,"4,473",86.4
Brooklyn,053900,"2,756",110.1
Brooklyn,054200,"4,450",110.0
Brooklyn,054300,327,95.2
Brooklyn,054400,"3,406",1.3
Brooklyn,054500,"8,008",72.5
Brooklyn,054600,"4,346",193.2
Brooklyn,054700,"5,245",97.4
Brooklyn,054800,"1,989",126.0
Brooklyn,054900,"3,122",46.5
Brooklyn,055000,"3,551",64.8
Brooklyn,055100,"4,597",79.9
Brooklyn,055200,"3,498",80.3
Brooklyn,055300,"2,596",84.4
Brooklyn,055400,"4,216",67.2
Brooklyn,055500,"1,959",100.8
Brooklyn,055600,"3,712",30.3
Brooklyn,055700,"1,655",77.8
Brooklyn,055800,"2,390",23.7
Brooklyn,056000,"3,493",56.4
Brooklyn,056100,"3,295",76.5
Brooklyn,056200,"1,654",39.0
Brooklyn,056300,"4,360",39.2
Brooklyn,056400,"2,451",45.3
Brooklyn,056500,"3,255",54.1
Brooklyn,056600,"2,419",52.4
Brooklyn,056800,"1,314",57.1
Brooklyn,056900,"1,630",45.1
Brooklyn,057000,"3,384",51.6
Brooklyn,057100,"4,400",52.2
Brooklyn,057200,"5,443",101.2
Brooklyn,057300,"2,608",90.4
Brooklyn,057400,"2,657",62.0
Brooklyn,057500,"4,249",67.5
Brooklyn,057600,"2,918",91.8
Brooklyn,057800,"3,176",74.5
Brooklyn,057900,"1,117",74.6
Brooklyn,058000,"3,365",6.7
Brooklyn,058200,"2,967",85.8
Brooklyn,058400,"3,620",74.3
Brooklyn,058600,"2,519",77.8
Brooklyn,058800,"3,245",62.4
Brooklyn,058900,"1,904",82.3
Brooklyn,059000,"1,899",17.7
Brooklyn,059100,"3,920",48.5
Brooklyn,059200,"3,870",83.2
Brooklyn,059300,"2,228",71.4
Brooklyn,059401,"7,628",47.9
Brooklyn,059402,"4,551",73.4
Brooklyn,059600,"2,306",57.1
Brooklyn,059800,"3,427",53.9
Brooklyn,060000,"6,067",69.6
Brooklyn,060600,"2,555",55.8
Brooklyn,060800,"3,574",57.2
Brooklyn,061002,"4,508",36.2
Brooklyn,061003,"1,984",82.3
Brooklyn,061004,"6,447",100.9
Brooklyn,061200,"1,076",116.1
Brooklyn,061600,"1,656",22.0
Brooklyn,062000,"1,850",9.1
Brooklyn,062200,"3,252",23.2
Brooklyn,062600,"2,788",54.1
Brooklyn,062800,"5,226",35.5
Brooklyn,063200,"1,447",27.0
Brooklyn,063600,"1,236",49.9
Brooklyn,063800,"1,524",43.8
Brooklyn,064000,"1,599",44.3
Brooklyn,064200,"2,518",42.2
Brooklyn,064400,"2,528",43.3
Brooklyn,064600,"2,189",51.3
Brooklyn,064800,"1,945",53.5
Brooklyn,065000,"1,389",51.9
Brooklyn,065200,"1,232",33.8
Brooklyn,065400,"1,607",28.5
Brooklyn,065600,"1,708",42.9
Brooklyn,065800,"1,762",45.0
Brooklyn,066000,"1,773",46.5
Brooklyn,066200,"1,411",47.1
Brooklyn,066600,0,24.7
Brooklyn,067000,"2,680",0.0
Brooklyn,067200,"1,422",52.1
Brooklyn,067400,"1,964",33.0
Brooklyn,067600,"1,657",42.0
Brooklyn,067800,"2,660",43.2
Brooklyn,068000,"1,809",64.8
Brooklyn,068200,"2,432",43.4
Brooklyn,068600,"1,533",48.7
Brooklyn,068800,"1,614",41.9
Brooklyn,069000,"1,791",41.6
Brooklyn,069200,"2,392",41.9
Brooklyn,069601,"3,780",53.1
Brooklyn,069602,"5,995",33.5
Brooklyn,069800,"1,277",35.3
Brooklyn,070000,"1,703",10.3
Brooklyn,070201,"6,573",34.1
Brooklyn,070202,37,24.8
Brooklyn,070203,0,0.0
Brooklyn,070600,"2,700",0.0
Brooklyn,072000,"2,167",6.6
Brooklyn,072200,"2,655",55.4
Brooklyn,072400,"1,755",41.8
Brooklyn,072600,"2,093",37.0
Brooklyn,072800,"3,193",30.8
Brooklyn,073000,"1,979",60.9
Brooklyn,073200,"2,096",43.4
Brooklyn,073400,"1,889",53.0
Brooklyn,073600,"3,368",50.6
Brooklyn,073800,"3,225",76.4
Brooklyn,074000,"3,531",72.3
Brooklyn,074200,"3,292",88.0
Brooklyn,074400,"2,492",76.4
Brooklyn,074600,"2,003",59.0
Brooklyn,074800,"2,012",40.3
Brooklyn,075000,"3,029",46.1
Brooklyn,075200,"1,130",70.7
Brooklyn,075400,"1,488",26.4
Brooklyn,075600,"1,993",34.7
Brooklyn,075800,"1,816",46.5
Brooklyn,076000,"2,776",35.8
Brooklyn,076200,"4,235",61.9
Brooklyn,076400,"3,487",91.1
Brooklyn,076600,"2,061",87.3
Brooklyn,076800,"3,407",101.0
Brooklyn,077000,"2,722",45.5
Brooklyn,077200,"3,394",67.5
Brooklyn,077400,"2,881",34.0
Brooklyn,077600,"3,806",78.9
Brooklyn,078000,"2,092",82.6
Brooklyn,078200,"3,864",51.5
Brooklyn,078400,"2,348",92.9
Brooklyn,078600,"4,256",56.8
Brooklyn,078800,"3,422",100.7
Brooklyn,079000,"5,094",88.2
Brooklyn,079200,"4,372",112.6
Brooklyn,079400,"1,864",81.6
Brooklyn,079601,"4,413",34.0
Brooklyn,079602,"4,814",161.8
Brooklyn,079801,"3,037",144.3
Brooklyn,079802,"5,451",94.8
Brooklyn,080000,"3,487",207.3
Brooklyn,080200,"4,304",81.2
Brooklyn,080400,"3,250",94.0
Brooklyn,080600,"3,386",69.3
Brooklyn,080800,"1,197",82.4
Brooklyn,081000,"2,300",15.1
Brooklyn,081400,"2,635",57.3
Brooklyn,081600,"2,791",62.7
Brooklyn,081800,"4,551",62.9
Brooklyn,082000,"5,281",116.6
Brooklyn,082200,"7,280",143.8
Brooklyn,082400,"4,730",173.5
Brooklyn,082600,"5,513",89.3
Brooklyn,082800,"3,814",112.1
Brooklyn,083000,"5,997",98.5
Brooklyn,083200,"2,289",120.3
Brooklyn,083400,"1,701",63.6
Brooklyn,083600,"1,929",54.6
Brooklyn,083800,"2,189",37.5
Brooklyn,084000,"2,412",53.1
Brooklyn,084600,"1,963",57.4
Brooklyn,084800,"1,750",47.7
Brooklyn,085000,"1,374",51.5
Brooklyn,085200,29,38.5
Brooklyn,085400,"2,052",0.3
Brooklyn,085600,"3,608",64.5
Brooklyn,085800,"2,434",92.0
Brooklyn,086000,"3,426",73.8
Brooklyn,086200,"2,996",79.6
Brooklyn,086400,"2,231",86.5
Brooklyn,086600,"3,149",59.3
Brooklyn,086800,"3,156",81.4
Brooklyn,087000,"3,204",73.2
Brooklyn,087200,"2,868",83.3
Brooklyn,087401,"3,142",78.9
Brooklyn,087600,"1,742",97.4
Brooklyn,087800,"3,006",49.6
Brooklyn,088000,"2,863",80.3
Brooklyn,088200,"6,740",63.5
Brooklyn,088400,"5,236",134.2
Brooklyn,088600,"4,427",126.8
Brooklyn,088800,"3,923",99.7
Brooklyn,089000,"6,319",79.5
Brooklyn,089200,"3,651",102.9
Brooklyn,089400,"3,430",82.3
Brooklyn,089600,"3,546",80.6
Brooklyn,089800,"2,089",96.3
Brooklyn,090000,"5,508",54.8
Brooklyn,090200,"3,451",90.3
Brooklyn,090600,"4,581",73.3
Brooklyn,090800,"3,990",94.7
Brooklyn,091000,"5,610",54.5
Brooklyn,091200,"6,814",107.1
Brooklyn,091600,"4,325",164.9
Brooklyn,091800,"2,804",81.2
Brooklyn,092000,"3,154",54.1
Brooklyn,092200,"2,691",54.3
Brooklyn,092400,"2,656",67.8
Brooklyn,092800,"2,656",42.7
Brooklyn,093000,"2,547",68.3
Brooklyn,093200,"1,142",53.1
Brooklyn,093400,"2,401",16.5
Brooklyn,093600,"1,628",54.7
Brooklyn,093800,"2,374",39.9
Brooklyn,094401,"3,202",73.3
Brooklyn,094402,"2,886",35.1
Brooklyn,094600,"1,830",109.3
Brooklyn,095000,"2,906",26.3
Brooklyn,095400,"4,607",48.5
Brooklyn,095600,"4,042",78.7
Brooklyn,095800,"3,456",68.8
Brooklyn,096000,0,59.7
Brooklyn,096200,"1,717",0.0
Brooklyn,096400,"2,361",38.9
Brooklyn,096600,"2,164",54.1
Brooklyn,096800,"1,471",48.3
Brooklyn,097000,"2,105",40.0
Brooklyn,097400,"2,724",52.1
Brooklyn,098200,"4,305",43.7
Brooklyn,098400,"1,978",50.4
Brooklyn,098600,"2,862",70.9
Brooklyn,098800,"3,054",74.3
Brooklyn,099000,"1,422",76.3
Brooklyn,099200,"1,833",35.1
Brooklyn,099400,"1,978",55.1
Brooklyn,099600,"3,631",46.0
Brooklyn,099800,"3,784",77.5
Brooklyn,100400,"2,567",36.5
Brooklyn,100600,"2,489",78.7
Brooklyn,100800,"2,124",66.2
Brooklyn,101000,"2,318",57.7
Brooklyn,101200,"1,932",54.7
Brooklyn,101400,"2,160",48.6
Brooklyn,101600,"1,464",56.4
Brooklyn,101800,"1,851",52.7
Brooklyn,102000,"1,922",26.6
Brooklyn,102200,"2,075",49.5
Brooklyn,102400,"2,123",51.6
Brooklyn,102600,"2,771",60.0
Brooklyn,102800,"1,579",82.5
Brooklyn,103400,"3,918",6.3
Brooklyn,105801,"6,928",23.9
Brooklyn,105804,"6,426",67.4
Brooklyn,107000,322,34.1
Brooklyn,107800,"3,849",0.4
Brooklyn,109800,"1,917",30.8
Brooklyn,110400,"4,358",9.1
Brooklyn,110600,"4,311",23.7
Brooklyn,111000,"3,216",102.0
Brooklyn,111600,"3,484",105.6
Brooklyn,111800,"3,053",28.2
Brooklyn,112000,"3,155",76.1
Brooklyn,112200,"3,371",73.8
Brooklyn,112400,"3,416",84.1
Brooklyn,112600,"3,783",77.7
Brooklyn,112800,"3,822",90.9
Brooklyn,113000,"3,891",84.0
Brooklyn,113200,"1,937",81.2
Brooklyn,113400,"2,838",39.6
Brooklyn,114201,"1,578",74.9
Brooklyn,114202,"2,766",21.5
Brooklyn,114400,"2,403",98.1
Brooklyn,114600,"2,998",22.6
Brooklyn,115000,"2,595",75.8
Brooklyn,115200,"3,094",66.4
Brooklyn,115600,"4,315",75.4
Brooklyn,115800,"2,983",109.2
Brooklyn,116000,"2,543",77.9
Brooklyn,116200,"2,157",68.0
Brooklyn,116400,"2,921",60.8
Brooklyn,116600,"2,907",65.1
Brooklyn,116800,"2,057",73.8
Brooklyn,117000,"1,880",57.8
Brooklyn,117201,"2,713",49.5
Brooklyn,117202,"3,907",85.0
Brooklyn,117400,"4,329",104.1
Brooklyn,117601,"2,750",82.3
Brooklyn,117602,"3,313",73.0
Brooklyn,117800,"1,717",93.2
Brooklyn,118000,6,49.5
Brooklyn,118201,"3,002",0.0
Brooklyn,118202,"3,083",96.1
Brooklyn,118400,"5,420",100.4
Brooklyn,118600,"2,969",107.0
Brooklyn,118800,"4,651",91.4
Brooklyn,119000,"2,127",107.9
Brooklyn,119200,"3,013",61.3
Brooklyn,119400,"3,914",54.0
Brooklyn,119600,"5,403",86.6
Brooklyn,119800,"3,426",71.3
Brooklyn,120000,"2,148",42.4
Brooklyn,120200,"1,900",57.7
Brooklyn,120800,"8,938",50.2
Brooklyn,121000,"4,035",74.8
Brooklyn,121400,"4,351",101.6
Brooklyn,122000,"5,495",103.4
Brooklyn,123700,"6,008",20.3
Brooklyn,150200,"2,540",75.7
Brooklyn,152200,"3,317",32.4
Brooklyn,990100,0,34.4
Manhattan,000100,2,-
Manhattan,000201,"3,058",0.1
Manhattan,000202,"7,316",137.2
Manhattan,000500,0,99.1
Manhattan,000600,"11,367",0.0
Manhattan,000700,"8,109",181.2
Manhattan,000800,"10,290",129.2
Manhattan,000900,731,191.3
Manhattan,001001,"1,434",8.8
Manhattan,001002,"6,547",73.1
Manhattan,001200,"3,397",131.8
Manhattan,001300,"4,479",114.0
Manhattan,001401,"3,005",58.1
Manhattan,001402,"2,782",130.0
Manhattan,001501,"5,518",98.6
Manhattan,001502,"7,476",89.9
Manhattan,001600,"8,478",131.8
Manhattan,001800,"8,660",164.7
Manhattan,002000,"4,917",157.4
Manhattan,002100,"6,040",162.0
Manhattan,002201,"6,398",100.7
Manhattan,002202,"2,189",160.2
Manhattan,002400,"5,434",157.9
Manhattan,002500,"4,869",120.0
Manhattan,002601,"3,772",147.3
Manhattan,002602,"4,227",144.0
Manhattan,002700,"1,264",165.0
Manhattan,002800,"7,114",85.5
Manhattan,002900,"6,398",156.7
Manhattan,003001,"4,492",93.0
Manhattan,003002,"3,106",146.4
Manhattan,003100,"2,550",160.1
Manhattan,003200,"8,234",50.2
Manhattan,003300,"5,156",153.1
Manhattan,003400,"6,612",61.0
Manhattan,003601,"3,393",167.0
Manhattan,003602,"3,151",137.6
Manhattan,003700,"2,447",143.3
Manhattan,003800,"9,237",24.2
Manhattan,003900,"5,860",184.7
Manhattan,004000,"8,651",70.8
Manhattan,004100,"7,817",196.3
Manhattan,004200,"5,145",165.2
Manhattan,004300,"4,270",243.3
Manhattan,004400,"16,538",115.8
Manhattan,004500,"1,136",163.1
Manhattan,004700,"2,524",43.8
Manhattan,004800,"7,229",61.7
Manhattan,004900,"4,942",166.5
Manhattan,005000,"5,055",96.5
Manhattan,005200,"3,408",122.6
Manhattan,005400,"4,536",81.9
Manhattan,005501,"4,204",109.3
Manhattan,005502,"2,257",136.7
Manhattan,005600,"3,322",79.1
Manhattan,005700,"2,781",77.4
Manhattan,005800,"3,512",104.2
Manhattan,005900,"5,401",81.0
Manhattan,006000,"4,511",188.1
Manhattan,006100,"5,224",143.3
Manhattan,006200,"4,437",148.5
Manhattan,006300,"6,380",58.7
Manhattan,006400,"8,090",144.9
Manhattan,006500,"6,202",184.0
Manhattan,006600,"11,740",124.8
Manhattan,006700,"5,461",271.9
Manhattan,006800,"7,614",131.2
Manhattan,006900,"2,759",176.6
Manhattan,007000,"8,871",49.6
Manhattan,007100,"5,429",202.4
Manhattan,007200,"8,664",133.2
Manhattan,007300,"6,215",200.3
Manhattan,007400,"4,319",152.1
Manhattan,007500,"4,159",100.4
Manhattan,007600,"2,277",93.7
Manhattan,007700,"5,966",52.9
Manhattan,007800,"8,391",135.1
Manhattan,007900,"4,442",191.4
Manhattan,008000,"5,377",61.3
Manhattan,008100,"8,047",126.0
Manhattan,008200,"3,262",186.8
Manhattan,008300,"4,092",76.6
Manhattan,008400,"1,595",95.1
Manhattan,008601,"2,618",37.3
Manhattan,008602,0,85.3
Manhattan,008603,"4,799",0.0
Manhattan,008700,"6,338",148.4
Manhattan,008800,"7,026",155.0
Manhattan,008900,"5,708",157.5
Manhattan,009000,"7,883",139.5
Manhattan,009100,"6,304",179.1
Manhattan,009200,"1,806",142.4
Manhattan,009300,"8,780",37.1
Manhattan,009400,73,198.4
Manhattan,009500,"3,040",1.9
Manhattan,009600,155,71.5
Manhattan,009700,"5,224",3.6
Manhattan,009800,"7,316",121.0
Manhattan,009900,"1,945",167.2
Manhattan,010000,"1,992",7.8
Manhattan,010100,"1,116",46.6
Manhattan,010200,230,25.7
Manhattan,010300,"2,058",5.4
Manhattan,010400,966,48.2
Manhattan,010601,"7,351",22.6
Manhattan,010602,"4,875",224.9
Manhattan,010800,"9,039",150.5
Manhattan,010900,183,200.4
Manhattan,011000,"7,169",4.2
Manhattan,011100,"3,512",164.3
Manhattan,011201,992,81.2
Manhattan,011202,441,50.5
Manhattan,011203,"1,401",22.9
Manhattan,011300,117,72.7
Manhattan,011401,"1,412",2.7
Manhattan,011402,"2,397",58.0
Manhattan,011500,"2,303",98.2
Manhattan,011600,"3,543",53.0
Manhattan,011700,"3,364",68.4
Manhattan,011800,"8,767",70.2
Manhattan,011900,"1,120",200.7
Manhattan,012000,"3,971",25.5
Manhattan,012100,"8,554",92.9
Manhattan,012200,"3,633",194.3
Manhattan,012400,"10,218",85.2
Manhattan,012500,"2,719",230.7
Manhattan,012600,"12,774",63.1
Manhattan,012700,"6,928",281.5
Manhattan,012800,"6,270",161.1
Manhattan,012900,"6,038",141.9
Manhattan,013000,"4,195",60.3
Manhattan,013100,"2,816",95.3
Manhattan,013200,"10,590",65.4
Manhattan,013300,"6,208",208.1
Manhattan,013400,"11,174",144.1
Manhattan,013500,"6,596",248.8
Manhattan,013600,"15,344",63.5
Manhattan,013700,"6,471",280.2
Manhattan,013800,"12,444",116.1
Manhattan,013900,"9,257",276.5
Manhattan,014000,"7,813",206.3
Manhattan,014200,"4,462",176.5
Manhattan,014300,25,100.9
Manhattan,014401,"4,864",0.0
Manhattan,014402,"6,743",264.9
Manhattan,014500,"5,542",157.2
Manhattan,014601,"4,274",125.8
Manhattan,014602,"7,904",232.7
Manhattan,014700,"2,755",293.0
Manhattan,014801,"2,863",170.5
Manhattan,014802,"7,066",223.0
Manhattan,014900,"5,842",227.6
Manhattan,015001,"2,294",135.8
Manhattan,015002,"5,437",179.8
Manhattan,015100,"8,306",175.2
Manhattan,015200,"7,275",97.7
Manhattan,015300,"9,320",143.3
Manhattan,015400,"13,749",216.6
Manhattan,015500,"9,350",313.7
Manhattan,015601,"5,345",182.6
Manhattan,015602,"2,298",294.0
Manhattan,015700,"10,751",85.5
Manhattan,015801,"5,650",238.5
Manhattan,015802,"3,346",181.8
Manhattan,015900,"9,623",262.8
Manhattan,016001,"3,744",221.4
Manhattan,016002,"3,131",120.6
Manhattan,016100,"6,437",246.3
Manhattan,016200,"9,308",167.3
Manhattan,016300,"6,624",125.2
Manhattan,016400,"6,127",101.9
Manhattan,016500,"6,402",139.8
Manhattan,016600,"7,317",126.8
Manhattan,016700,"6,564",172.7
Manhattan,016800,"5,675",135.2
Manhattan,016900,"8,108",113.7
Manhattan,017000,"7,855",182.3
Manhattan,017100,"8,989",173.8
Manhattan,017200,"5,504",166.8
Manhattan,017300,"8,939",125.2
Manhattan,017401,"5,248",202.6
Manhattan,017402,"2,093",210.7
Manhattan,017500,"10,820",166.9
Manhattan,017700,"9,151",201.9
Manhattan,017800,"3,912",212.2
Manhattan,017900,"9,293",60.9
Manhattan,018000,"7,476",175.3
Manhattan,018100,"8,866",142.3
Manhattan,018200,"6,768",259.2
Manhattan,018300,"8,667",154.8
Manhattan,018400,"7,835",156.7
Manhattan,018500,"4,190",179.6
Manhattan,018600,"5,701",130.0
Manhattan,018700,"8,974",189.5
Manhattan,018800,"6,008",166.4
Manhattan,018900,"11,547",163.7
Manhattan,019000,"3,083",176.1
Manhattan,019100,"8,807",120.2
Manhattan,019200,"3,584",159.4
Manhattan,019300,"9,009",73.9
Manhattan,019400,"6,558",207.5
Manhattan,019500,"8,197",151.6
Manhattan,019600,"3,931",151.9
Manhattan,019701,641,89.8
Manhattan,019702,"2,090",11.0
Manhattan,019800,"1,914",178.5
Manhattan,019900,"10,064",34.4
Manhattan,020000,"2,581",179.5
Manhattan,020101,"1,731",80.8
Manhattan,020102,"3,865",127.1
Manhattan,020300,"3,633",187.6
Manhattan,020500,"5,322",82.5
Manhattan,020600,"2,942",76.7
Manhattan,020701,"3,329",80.0
Manhattan,020800,"4,591",285.0
Manhattan,020901,"3,673",125.1
Manhattan,021000,"6,637",128.3
Manhattan,021100,"10,330",125.0
Manhattan,021200,"4,412",120.1
Manhattan,021303,"5,619",101.2
Manhattan,021400,"3,001",148.3
Manhattan,021500,"3,068",88.7
Manhattan,021600,"7,556",178.1
Manhattan,021703,6,176.5
Manhattan,021800,"6,617",0.1
Manhattan,021900,"6,023",147.2
Manhattan,022000,"5,370",85.3
Manhattan,022102,"2,175",124.2
Manhattan,022200,"2,644",88.9
Manhattan,022301,"7,917",59.0
Manhattan,022302,"3,385",167.8
Manhattan,022400,"6,427",222.4
Manhattan,022500,"10,149",133.6
Manhattan,022600,"3,778",159.0
Manhattan,022700,"4,864",99.9
Manhattan,022800,"5,248",130.6
Manhattan,022900,"8,300",117.6
Manhattan,023000,"8,106",155.4
Manhattan,023100,"5,865",188.9
Manhattan,023200,"7,980",129.9
Manhattan,023300,"6,527",179.0
Manhattan,023400,"4,465",116.1
Manhattan,023501,"6,004",166.5
Manhattan,023502,"1,819",135.7
Manhattan,023600,"6,404",178.2
Manhattan,023700,"6,811",88.7
Manhattan,023801,"9,723",101.2
Manhattan,023802,"1,938",109.8
Manhattan,023900,"2,371",29.3
Manhattan,024000,"1,648",149.5
Manhattan,024100,"7,642",3.2
Manhattan,024200,"3,396",171.7
Manhattan,024301,"3,946",38.2
Manhattan,024302,"7,370",151.9
Manhattan,024500,"14,934",131.3
Manhattan,024700,"7,074",284.5
Manhattan,024900,"1,101",111.4
Manhattan,025100,"2,526",73.5
Manhattan,025300,"11,236",64.7
Manhattan,025500,"5,771",268.5
Manhattan,025700,"3,876",52.3
Manhattan,025900,"3,496",108.9
Manhattan,026100,"12,087",187.5
Manhattan,026300,"8,729",313.1
Manhattan,026500,"7,021",224.7
Manhattan,026700,"2,173",149.3
Manhattan,026900,"8,428",186.2
Manhattan,027100,"8,196",194.3
Manhattan,027300,"6,370",172.3
Manhattan,027500,"2,846",145.2
Manhattan,027700,"7,086",39.1
Manhattan,027900,"10,292",176.5
Manhattan,028100,"2,867",234.3
Manhattan,028300,"7,627",124.7
Manhattan,028500,"7,216",211.3
Manhattan,028700,"4,035",241.3
Manhattan,029100,"11,288",30.2
Manhattan,029300,"9,033",242.6
Manhattan,029500,"6,941",232.5
Manhattan,029700,161,206.3
Manhattan,029900,"3,834",0.6
Manhattan,030300,"3,753",25.3
Manhattan,030700,"3,434",96.8
Manhattan,030900,"8,463",164.7
Manhattan,031100,2,112.0
Manhattan,031703,"7,709",0.0
Manhattan,031704,"5,677",102.9
Manhattan,031900,11,89.2
Queens,000100,"4,949",0.4
Queens,000200,"2,829",17.5
Queens,000400,"4,413",73.0
Queens,000600,"3,729",79.3
Queens,000700,"4,790",70.4
Queens,000800,"3,360",35.6
Queens,001000,"3,502",71.6
Queens,001200,"3,871",87.9
Queens,001400,"3,683",69.0
Queens,001600,"2,831",69.9
Queens,001800,"2,931",75.6
Queens,001900,"1,076",67.0
Queens,002000,"1,797",4.9
Queens,002200,"2,077",50.2
Queens,002400,"2,145",56.9
Queens,002500,"7,571",61.2
Queens,002600,"2,055",156.4
Queens,002800,"3,033",56.2
Queens,003000,"1,399",55.1
Queens,003100,"1,388",51.3
Queens,003200,"1,504",34.1
Queens,003300,"2,474",36.4
Queens,003400,"2,201",19.7
Queens,003600,"3,295",41.6
Queens,003700,0,74.1
Queens,003800,"2,287",0.0
Queens,003900,"1,592",52.5
Queens,004001,"2,134",43.8
Queens,004002,"1,270",49.5
Queens,004200,"4,120",39.8
Queens,004300,"2,437",83.2
Queens,004401,"3,500",57.7
Queens,004500,"2,975",54.2
Queens,004700,"3,984",54.6
Queens,005000,29,90.0
Queens,005100,"2,231",0.8
Queens,005200,"2,751",65.9
Queens,005300,"5,340",85.2
Queens,005400,"5,257",110.0
Queens,005500,"1,067",50.7
Queens,005700,"4,321",26.0
Queens,005800,"5,414",78.2
Queens,005900,"4,169",36.6
Queens,006100,"5,644",88.7
Queens,006201,"5,128",117.1
Queens,006202,"6,253",52.3
Queens,006300,"5,949",21.9
Queens,006501,"3,676",113.3
Queens,006502,"3,853",133.5
Queens,006900,"4,611",101.7
Queens,007100,"3,963",88.4
Queens,007300,"4,231",82.2
Queens,007500,"4,116",121.0
Queens,007700,"1,478",128.9
Queens,007900,"3,493",47.2
Queens,008100,"1,188",88.1
Queens,008300,"2,950",43.1
Queens,008500,"1,270",62.4
Queens,008600,"2,811",18.8
Queens,008700,"4,582",34.9
Queens,008800,"3,095",70.1
Queens,009100,"2,796",28.1
Queens,009400,"2,834",58.9
Queens,009500,"2,289",66.0
Queens,009600,"3,135",56.3
Queens,009700,"3,580",61.4
Queens,009800,"2,688",71.8
Queens,009900,3,80.1
Queens,010000,"3,571",0.0
Queens,010100,"2,552",64.7
Queens,010200,"2,677",59.8
Queens,010300,"3,934",50.7
Queens,010400,"3,147",56.0
Queens,010500,"4,244",68.3
Queens,010600,"3,427",86.8
Queens,010701,0,80.2
Queens,010800,"2,980",0.0
Queens,011000,"3,075",76.5
Queens,011100,"3,050",75.4
Queens,011200,"2,358",81.9
Queens,011300,"4,234",50.4
Queens,011400,"1,330",95.9
Queens,011500,"2,325",44.3
Queens,011600,"2,178",50.7
Queens,011700,"3,848",63.1
Queens,011800,"2,628",73.1
Queens,011900,"1,701",65.8
Queens,012000,"2,487",61.7
Queens,012100,"2,064",68.5
Queens,012200,"2,971",60.6
Queens,012301,"2,910",58.3
Queens,012400,"2,914",19.9
Queens,012500,"1,662",60.4
Queens,012601,"2,413",41.6
Queens,012602,"2,578",66.4
Queens,012800,"2,030",70.9
Queens,013000,"1,745",51.4
Queens,013200,"1,772",37.0
Queens,013400,"5,474",37.3
Queens,013500,"1,411",117.2
Queens,013600,"1,972",42.0
Queens,013700,"1,579",53.2
Queens,013800,"3,604",31.7
Queens,014000,"3,705",85.6
Queens,014100,"1,621",67.2
Queens,014201,"4,348",38.5
Queens,014202,"2,838",84.4
Queens,014300,"4,065",18.6
Queens,014400,"2,109",120.4
Queens,014500,"2,246",38.4
Queens,014700,"3,054",71.2
Queens,014800,"2,265",83.5
Queens,014900,"2,674",55.9
Queens,015000,"2,458",101.6
Queens,015100,"2,794",67.6
Queens,015200,"2,721",84.7
Queens,015300,"2,145",58.0
Queens,015400,"2,333",71.5
Queens,015500,"2,251",63.0
Queens,015600,"3,218",61.7
Queens,015700,"1,543",62.1
Queens,015801,"3,737",48.6
Queens,015802,"4,398",50.2
Queens,015900,"4,136",64.1
Queens,016100,"2,377",98.6
Queens,016300,"4,382",89.3
Queens,016400,"3,313",81.3
Queens,016600,"3,278",67.1
Queens,016800,"2,684",65.6
Queens,016900,"5,539",51.4
Queens,017000,"2,600",97.6
Queens,017100,8,47.7
Queens,017200,"2,101",0.0
Queens,017400,"2,244",44.1
Queens,017600,"2,143",47.2
Queens,017800,"1,925",45.2
Queens,017900,"1,054",40.9
Queens,018000,"1,090",9.1
Queens,018101,"4,090",30.9
Queens,018102,"3,928",168.5
Queens,018200,"2,267",164.8
Queens,018300,"6,031",35.8
Queens,018401,"2,054",113.9
Queens,018402,"2,223",41.7
Queens,018501,"3,611",42.3
Queens,018502,"3,633",148.3
Queens,018600,"1,623",149.4
Queens,018700,"3,088",36.8
Queens,018800,"1,236",51.5
Queens,018900,"3,492",28.3
Queens,019000,"1,969",64.9
Queens,019200,"1,914",42.4
Queens,019400,"2,628",38.9
Queens,019600,"2,643",35.3
Queens,019800,"2,930",48.0
Queens,019900,"1,028",57.0
Queens,020200,"1,387",2.7
Queens,020400,"2,098",38.3
Queens,020500,"1,202",29.6
Queens,020600,"1,712",8.2
Queens,020800,"2,539",45.1
Queens,021200,"2,754",19.4
Queens,021400,"6,194",47.9
Queens,021600,"4,016",66.8
Queens,021900,7,24.6
Queens,022001,"6,074",0.0
Queens,022002,"5,569",61.8
Queens,022900,27,74.5
Queens,023000,"1,795",0.1
Queens,023200,"5,090",43.4
Queens,023500,"8,278",63.4
Queens,023600,"2,638",128.9
Queens,023800,"5,101",60.6
Queens,024000,"5,464",131.6
Queens,024300,"5,440",82.0
Queens,024500,"4,942",40.6
Queens,024600,0,73.8
Queens,024700,"1,509",0.0
Queens,024900,"5,546",67.8
Queens,025100,"5,720",115.5
Queens,025301,"4,591",97.7
Queens,025302,"2,876",145.8
Queens,025400,"8,207",114.0
Queens,025500,"1,507",52.2
Queens,025700,"1,542",27.9
Queens,025800,"1,978",41.4
Queens,025900,"3,516",37.7
Queens,026000,"2,339",76.0
Queens,026100,"7,414",53.1
Queens,026200,"1,465",135.0
Queens,026300,"6,220",41.3
Queens,026400,"2,257",126.7
Queens,026500,"4,494",35.9
Queens,026600,"1,755",97.5
Queens,026700,"6,002",41.1
Queens,026901,"5,304",115.5
Queens,026902,"4,444",188.0
Queens,027000,"1,647",230.3
Queens,027100,"8,726",36.0
Queens,027200,"1,846",254.3
Queens,027300,"8,631",48.6
Queens,027400,"1,735",163.7
Queens,027500,"6,887",48.9
Queens,027600,"1,165",156.9
Queens,027700,"8,757",29.7
Queens,027800,"2,256",202.6
Queens,027900,"6,317",51.7
Queens,028000,"1,551",144.3
Queens,028100,"5,722",37.8
Queens,028200,"1,545",132.7
Queens,028300,"7,415",34.1
Queens,028400,"3,438",168.9
Queens,028500,"4,729",32.5
Queens,028700,"6,232",121.5
Queens,028800,"4,230",128.7
Queens,028900,"5,176",26.9
Queens,029100,"7,039",121.6
Queens,029300,"1,351",109.4
Queens,029400,"6,664",35.9
Queens,029500,"3,670",25.3
Queens,029700,"2,162",81.6
Queens,029900,0,16.7
Queens,030600,"4,213",0.0
Queens,030902,"7,992",12.7
Queens,030903,"6,743",79.2
Queens,030904,"3,712",77.6
Queens,031700,"6,151",37.2
Queens,032000,"4,645",36.0
Queens,032700,"4,255",18.2
Queens,032800,"2,409",114.1
Queens,032900,"4,018",26.5
Queens,033000,"6,170",37.2
Queens,033100,0,30.5
Queens,033401,"3,128",0.0
Queens,033402,"12,575",22.6
Queens,033700,"3,619",67.2
Queens,033900,"3,400",97.1
Queens,034700,"3,268",91.2
Queens,035100,"4,240",34.5
Queens,035200,"2,414",123.2
Queens,035300,"2,690",16.1
Queens,035700,"4,947",70.2
Queens,035800,"3,927",34.9
Queens,036100,"2,426",30.5
Queens,036300,"2,397",62.4
Queens,036500,"3,885",71.9
Queens,036600,"2,592",94.6
Queens,036700,"2,676",28.4
Queens,036800,"2,362",55.4
Queens,037100,"1,597",42.0
Queens,037300,"2,532",38.4
Queens,037500,"3,783",41.9
Queens,037600,"5,598",98.6
Queens,037700,"4,227",29.6
Queens,037900,"6,214",116.5
Queens,038100,"6,808",128.0
Queens,038301,0,98.4
Queens,038302,56,0.0
Queens,038400,"2,333",0.0
Queens,039400,"2,814",31.7
Queens,039800,"1,657",32.8
Queens,039900,"4,132",33.3
Queens,040000,"1,267",98.3
Queens,040100,"7,527",26.2
Queens,040200,"1,368",143.7
Queens,040300,"6,777",25.4
Queens,040400,"3,918",137.2
Queens,040500,"3,303",33.2
Queens,040700,"8,304",103.6
Queens,040900,"5,094",168.1
Queens,041100,"3,947",134.8
Queens,041300,"4,464",115.4
Queens,041400,"4,033",114.0
Queens,041500,"4,278",34.5
Queens,042400,"2,161",101.3
Queens,042600,512,16.9
Queens,042700,"4,604",3.9
Queens,043200,"1,166",109.5
Queens,043400,"1,956",20.1
Queens,043701,"3,381",38.5
Queens,043702,"6,476",91.6
Queens,043900,"4,790",140.9
Queens,044000,"3,669",117.8
Queens,044301,"4,033",39.2
Queens,044302,"5,223",122.6
Queens,044400,"3,236",76.0
Queens,044601,"3,367",14.5
Queens,044602,"4,596",60.8
Queens,044800,"2,571",109.2
Queens,045000,"1,943",50.5
Queens,045200,"1,153",45.9
Queens,045400,"4,773",21.8
Queens,045500,"12,330",84.2
Queens,045600,"1,338",325.2
Queens,045700,"3,355",33.7
Queens,045800,"2,016",90.2
Queens,045900,"3,975",33.5
Queens,046000,"6,006",117.5
Queens,046100,"3,089",109.8
Queens,046200,"7,296",110.8
Queens,046300,"4,284",117.8
Queens,046400,"1,643",108.9
Queens,046500,"4,247",28.0
Queens,046600,"3,058",132.5
Queens,046700,"7,112",51.8
Queens,046800,"3,829",202.7
Queens,046900,"8,570",67.5
Queens,047000,"3,247",229.1
Queens,047100,"4,425",57.3
Queens,047200,"3,760",113.3
Queens,047300,"3,997",29.5
Queens,047500,"4,835",88.7
Queens,047600,"1,326",62.6
Queens,047800,"5,294",9.9
Queens,047900,"5,456",32.8
Queens,048000,"2,506",57.0
Queens,048100,"6,781",44.0
Queens,048200,"1,452",197.2
Queens,048300,"4,047",26.0
Queens,048400,"4,979",72.7
Queens,048500,"4,598",48.3
Queens,048900,"1,486",54.5
Queens,049200,"4,750",17.3
Queens,049301,"2,134",39.7
Queens,049302,"2,811",52.6
Queens,049500,"1,358",41.5
Queens,049600,"3,030",44.6
Queens,049700,"3,021",44.9
Queens,049900,"5,071",61.7
Queens,050000,"4,323",43.3
Queens,050201,"1,410",52.3
Queens,050202,"1,344",34.0
Queens,050400,"1,831",35.6
Queens,050500,"1,657",34.3
Queens,050600,"1,553",58.8
Queens,050700,"3,442",30.5
Queens,050800,"1,837",38.5
Queens,051000,"1,540",33.9
Queens,051100,"2,097",33.7
Queens,051200,"2,619",30.9
Queens,051300,"2,367",28.2
Queens,051500,"2,852",49.5
Queens,051600,"1,866",51.2
Queens,051700,"1,957",41.0
Queens,051800,"1,931",31.5
Queens,052000,"1,521",46.0
Queens,052100,"1,983",35.7
Queens,052200,"1,532",42.1
Queens,052400,"1,739",36.5
Queens,052500,"2,063",35.9
Queens,052600,"1,802",41.3
Queens,052800,"1,442",40.0
Queens,053000,"2,240",32.3
Queens,053100,"3,114",39.4
Queens,053200,"1,675",29.7
Queens,053401,"1,907",35.7
Queens,053500,"1,123",29.7
Queens,053601,"1,577",8.9
Queens,053800,"1,755",33.4
Queens,053900,"4,147",37.5
Queens,054000,"4,222",27.7
Queens,054200,"5,074",32.6
Queens,054500,"3,722",37.9
Queens,054700,"4,643",131.8
Queens,054800,"2,319",143.8
Queens,054900,"5,308",41.6
Queens,055100,"4,573",133.0
Queens,055200,"3,064",119.3
Queens,055300,"2,454",29.9
Queens,055400,"2,303",69.2
Queens,055500,"2,147",42.3
Queens,055600,"2,153",57.8
Queens,055700,"3,915",38.4
Queens,055800,"1,732",66.4
Queens,055900,"1,217",36.4
Queens,056000,"1,647",30.2
Queens,056100,73,31.1
Queens,056200,"1,517",0.1
Queens,056400,"1,783",38.4
Queens,056500,"1,567",38.3
Queens,056600,"1,487",54.0
Queens,056700,"4,574",31.0
Queens,056800,"4,550",58.5
Queens,057700,"3,625",21.7
Queens,057900,"1,592",78.7
Queens,058000,"3,641",94.3
Queens,058100,"2,662",24.5
Queens,058200,"4,490",75.7
Queens,058300,"3,254",32.2
Queens,058500,"4,062",92.0
Queens,058700,"3,296",96.0
Queens,058900,"4,196",92.3
Queens,059000,"1,074",102.7
Queens,059100,"5,826",27.4
Queens,059200,"1,280",116.7
Queens,059300,"3,881",18.3
Queens,059400,"1,537",62.3
Queens,059500,"4,700",28.0
Queens,059600,"1,304",48.2
Queens,059800,"1,643",27.1
Queens,059900,"1,525",32.2
Queens,060000,"1,056",48.6
Queens,060100,"2,111",24.2
Queens,060300,"1,706",55.3
Queens,060600,"1,381",38.1
Queens,060701,25,26.0
Queens,060800,"1,413",0.1
Queens,061000,"1,268",27.0
Queens,061200,"1,597",21.6
Queens,061301,"5,295",24.6
Queens,061302,19,30.0
Queens,061400,"1,234",0.2
Queens,061601,"2,180",19.3
Queens,061602,"1,152",23.4
Queens,061800,"1,583",11.0
Queens,061900,"2,783",26.4
Queens,062000,"1,440",43.7
Queens,062100,"2,746",27.0
Queens,062200,"1,983",42.0
Queens,062300,"1,789",18.3
Queens,062400,1,46.3
Queens,062500,"2,388",0.0
Queens,062600,"2,620",48.6
Queens,062700,"2,879",24.5
Queens,062900,"2,782",74.1
Queens,063000,"1,579",64.7
Queens,063200,"2,134",33.4
Queens,063301,"1,416",29.1
Queens,063302,"1,476",42.6
Queens,063500,"2,513",44.7
Queens,063700,"3,148",53.6
Queens,063800,"3,425",18.4
Queens,063900,"2,747",20.0
Queens,064101,"1,960",43.7
Queens,064102,113,87.7
Queens,064500,"1,979",0.2
Queens,064600,"2,829",26.0
Queens,065000,"2,650",28.4
Queens,065400,"2,788",26.8
Queens,065501,0,17.0
Queens,065600,"4,853",0.0
Queens,065702,"1,675",34.3
Queens,065703,"2,597",46.7
Queens,065900,"1,666",39.3
Queens,066000,"3,233",34.7
Queens,066100,"1,495",33.8
Queens,066300,"2,601",45.4
Queens,066400,"9,612",20.1
Queens,066501,"3,275",14.2
Queens,066701,"2,575",40.4
Queens,066900,"1,706",41.2
Queens,067100,"2,100",43.1
Queens,067700,"1,786",37.1
Queens,067900,"4,094",38.9
Queens,068000,"4,708",65.6
Queens,068200,"1,102",24.8
Queens,068300,"4,210",19.2
Queens,068700,"4,630",69.3
Queens,069000,"3,252",71.1
Queens,069300,"2,883",37.5
Queens,069400,"3,314",87.2
Queens,069500,"2,128",25.7
Queens,069701,"3,616",39.9
Queens,069702,"3,911",113.0
Queens,070300,"2,010",35.7
Queens,070700,"2,303",33.8
Queens,070900,"2,483",42.1
Queens,071100,"5,272",45.9
Queens,071303,"4,973",56.8
Queens,071304,"6,136",139.2
Queens,071305,"4,871",153.1
Queens,071306,"5,811",148.8
Queens,071600,0,137.6
Queens,071701,"5,161",0.0
Queens,071702,"3,921",102.8
Queens,071900,"2,630",73.9
Queens,072100,"4,963",67.1
Queens,072300,"2,127",118.1
Queens,072900,"1,363",18.3
Queens,073100,"1,515",28.6
Queens,073700,"2,042",32.3
Queens,073900,"5,028",39.2
Queens,074100,"3,015",90.3
Queens,074300,"4,221",71.0
Queens,074500,"3,571",88.3
Queens,074700,"3,386",86.5
Queens,074900,"1,453",46.5
Queens,075701,"4,678",16.4
Queens,075702,"4,481",96.0
Queens,076901,"4,056",51.0
Queens,076902,"1,371",90.5
Queens,077300,"2,234",53.6
Queens,077500,"2,273",32.1
Queens,077902,"5,263",40.8
Queens,077903,"2,972",37.6
Queens,077904,"6,155",44.7
Queens,077905,"2,455",65.2
Queens,077906,"3,633",36.1
Queens,077907,"3,193",51.3
Queens,077908,"3,755",60.6
Queens,078800,"1,818",75.4
Queens,079000,"2,549",38.2
Queens,079200,"2,280",39.6
Queens,079300,1,25.7
Queens,079701,"7,055",0.0
Queens,079702,"4,502",256.5
Queens,079900,"3,425",63.0
Queens,080301,"4,382",48.4
Queens,080302,"3,504",54.8
Queens,080900,"6,850",32.4
Queens,081400,"3,543",27.5
Queens,081800,"3,478",39.0
Queens,083700,"5,388",37.4
Queens,083800,"4,970",28.1
Queens,084000,"6,478",40.6
Queens,084500,"5,318",46.1
Queens,084601,"2,730",114.3
Queens,084602,"1,053",33.2
Queens,084900,"7,642",5.9
Queens,085300,"5,764",102.0
Queens,085500,"6,649",119.5
Queens,085700,"5,953",206.2
Queens,085900,"5,873",181.8
Queens,086100,"2,370",162.6
Queens,086300,"7,277",64.5
Queens,086400,"2,634",204.3
Queens,086500,"4,514",9.7
Queens,086900,"2,131",116.5
Queens,087100,"1,752",14.9
Queens,088400,"7,337",16.9
Queens,088901,"10,266",19.1
Queens,089200,"7,430",66.7
Queens,090700,"1,355",10.5
Queens,091601,"4,079",2.6
Queens,091602,0,5.1
Queens,091800,17,0.0
Queens,091900,"5,766",0.1
Queens,092200,"2,206",55.0
Queens,092500,"3,681",13.2
Queens,092800,"3,246",47.7
Queens,092900,"6,496",17.2
Queens,093401,"3,789",28.6
Queens,093402,"3,657",28.5
Queens,093800,"5,218",38.4
Queens,093900,"4,400",25.5
Queens,094201,"3,380",27.4
Queens,094202,"4,700",36.8
Queens,094203,"5,369",24.7
Queens,094500,"3,971",45.7
Queens,094700,"2,577",10.5
Queens,095400,"5,368",38.3
Queens,096400,"4,441",26.9
Queens,097202,"2,795",20.0
Queens,097203,"6,865",21.7
Queens,097204,"3,544",18.4
Queens,097300,"2,016",36.6
Queens,098100,"2,249",15.7
Queens,098700,"2,444",14.2
Queens,099100,"6,507",15.1
Queens,099200,"3,803",24.2
Queens,099701,"2,670",25.8
Queens,099703,"3,892",11.3
Queens,099704,"6,868",24.5
Queens,099705,"2,632",40.6
Queens,099801,"7,608",24.9
Queens,099802,"5,283",67.1
Queens,099900,0,44.6
Queens,100801,"2,327",0.0
Queens,100802,"8,106",14.5
Queens,101001,"9,943",32.6
Queens,101002,"4,138",50.8
Queens,101700,"5,689",30.1
Queens,102900,"3,319",23.3
Queens,103201,"6,456",26.9
Queens,103202,"6,197",63.9
Queens,103300,"4,116",35.3
Queens,103900,"6,151",27.5
Queens,104700,"7,314",28.5
Queens,105900,"3,556",35.2
Queens,107201,"2,443",22.2
Queens,107202,0,7.1
Queens,108500,"2,613",0.0
Queens,109300,"3,034",23.4
Queens,109700,"1,887",10.9
Queens,109900,"3,277",17.3
Queens,111300,"2,559",34.6
Queens,112300,"2,102",14.8
Queens,112900,"2,242",30.5
Queens,113300,"1,537",25.6
Queens,113900,"3,322",24.7
Queens,114100,"2,406",35.0
Queens,114700,"1,673",21.7
Queens,115100,"1,116",21.9
Queens,115500,"2,114",16.0
Queens,115700,"3,388",45.7
Queens,115900,"3,991",43.7
Queens,116100,"4,589",52.3
Queens,116300,"9,104",104.1
Queens,116700,"2,067",146.3
Queens,117100,"2,743",50.4
Queens,117500,"4,990",27.9
Queens,118100,"1,840",36.0
Queens,118500,"2,114",38.1
Queens,118700,"2,521",55.1
Queens,118900,"2,468",54.5
Queens,119100,"3,273",49.4
Queens,119300,"2,252",60.8
Queens,119500,"1,349",43.2
Queens,119900,"1,507",28.8
Queens,120100,"1,668",33.1
Queens,120300,"1,642",41.4
Queens,120500,"3,024",36.1
Queens,120700,"2,794",60.5
Queens,121100,0,16.3
Queens,121500,"4,101",0.0
Queens,122300,"3,533",26.4
Queens,122701,"10,910",28.8
Queens,122702,"6,427",62.7
Queens,124100,"3,897",57.7
Queens,124700,"3,550",31.6
Queens,125700,"3,203",29.8
Queens,126500,"1,660",39.1
Queens,126700,"4,057",33.4
Queens,127700,"3,633",21.1
Queens,128300,73,13.8
Queens,129102,"3,341",0.1
Queens,129103,"3,566",13.4
Queens,129104,"4,102",31.6
Queens,130100,"3,791",23.7
Queens,133300,"3,679",21.9
Queens,133900,"1,302",21.4
Queens,134100,"3,259",23.3
Queens,134700,"9,572",22.4
Queens,136700,"5,879",36.4
Queens,137700,"6,606",30.9
Queens,138501,"4,743",35.7
Queens,138502,72,19.3
Queens,139900,"1,744",0.1
Queens,140300,"2,302",19.4
Queens,140901,914,24.5
Queens,140902,"2,603",15.4
Queens,141700,"4,475",19.3
Queens,142900,"3,624",20.2
Queens,143500,"2,199",27.5
Queens,144100,"2,926",25.2
Queens,144700,"2,927",35.0
Queens,145101,"1,360",28.9
Queens,145102,"2,468",21.8
Queens,145900,"2,772",28.5
Queens,146300,"3,000",30.3
Queens,146700,"2,736",37.2
Queens,147100,"3,341",31.3
Queens,147900,"4,241",32.2
Queens,148300,"2,863",18.7
Queens,150701,"2,930",8.6
Queens,150702,"3,178",13.5
Queens,152901,"6,401",14.9
Queens,152902,"5,126",18.4
Queens,155101,"1,806",20.0
Queens,155102,"8,185",15.5
Queens,156700,"1,790",23.1
Queens,157101,"7,216",5.1
Queens,157102,"1,996",23.5
Queens,157901,"4,800",25.9
Queens,157902,"3,836",21.1
Queens,157903,"3,944",21.5
Queens,161700,"4,297",23.2
Queens,162100,"6,197",24.6
Queens,990100,0,35.3
Staten Island,000300,"1,927",-
Staten Island,000600,"2,408",13.4
Staten Island,000700,"4,915",9.3
Staten Island,000800,"5,583",31.5
Staten Island,000900,"2,112",28.3
Staten Island,001100,"3,987",36.9
Staten Island,001700,"1,788",49.6
Staten Island,001800,731,23.8
Staten Island,002001,"2,504",2.8
Staten Island,002002,"3,258",20.6
Staten Island,002100,"4,236",16.6
Staten Island,002700,"2,217",13.7
Staten Island,002900,"5,207",35.8
Staten Island,003300,"3,402",40.0
Staten Island,003600,"2,510",16.1
Staten Island,003900,"2,197",24.7
Staten Island,004000,"12,998",15.3
Staten Island,004700,"3,863",44.4
Staten Island,005000,"3,847",17.4
Staten Island,005900,"2,635",19.9
Staten Island,006400,"3,550",7.7
Staten Island,006700,"2,758",20.2
Staten Island,007000,"8,525",11.7
Staten Island,007400,"4,693",12.6
Staten Island,007500,"3,914",28.8
Staten Island,007700,"1,535",33.0
Staten Island,008100,"4,301",25.0
Staten Island,008900,0,21.2
Staten Island,009601,"4,024",-
Staten Island,009602,"3,461",21.0
Staten Island,009700,"3,925",22.7
Staten Island,010500,"5,153",13.8
Staten Island,011201,"5,758",25.5
Staten Island,011202,"6,428",14.5
Staten Island,011401,"3,067",13.1
Staten Island,011402,"3,450",23.6
Staten Island,012100,"3,065",24.1
Staten Island,012200,"3,813",16.7
Staten Island,012500,"2,939",18.6
Staten Island,012804,"4,259",26.0
Staten Island,012805,"3,158",19.2
Staten Island,012806,"5,955",12.7
Staten Island,013201,"1,558",18.3
Staten Island,013203,"5,433",13.4
Staten Island,013204,"4,843",21.4
Staten Island,013301,"1,633",18.8
Staten Island,013302,"3,587",98.1
Staten Island,013400,"3,946",17.1
Staten Island,013800,"6,535",18.8
Staten Island,014100,"2,690",18.8
Staten Island,014604,"6,422",34.9
Staten Island,014605,"3,836",23.0
Staten Island,014606,"6,372",17.7
Staten Island,014607,"4,552",14.6
Staten Island,014608,"3,510",27.1
Staten Island,014700,"3,412",31.7
Staten Island,015100,"5,141",8.3
Staten Island,015400,0,20.7
Staten Island,015601,"6,330",0.0
Staten Island,015602,"3,320",17.9
Staten Island,015603,"4,265",15.2
Staten Island,016901,"2,970",16.5
Staten Island,017005,"4,507",15.1
Staten Island,017007,"4,968",12.2
Staten Island,017008,"7,388",13.8
Staten Island,017009,"4,299",28.7
Staten Island,017010,"8,583",16.2
Staten Island,017011,"4,549",31.3
Staten Island,017012,"4,279",25.6
Staten Island,017300,"2,523",17.2
Staten Island,017600,"4,815",29.7
Staten Island,017700,"7,001",5.7
Staten Island,018100,"2,974",8.0
Staten Island,018701,"1,807",2.3
Staten Island,018702,"7,485",19.2
Staten Island,018901,"5,333",29.8
Staten Island,018902,"5,064",19.9
Staten Island,019700,"1,867",25.8
Staten Island,019800,"6,300",25.2
Staten Island,020100,"3,572",4.4
Staten Island,020700,"6,399",23.0
Staten Island,020801,"8,977",27.1
Staten Island,020803,"6,463",14.0
Staten Island,020804,"5,323",12.5
Staten Island,021300,"5,376",16.2
Staten Island,022300,"2,880",27.7
Staten Island,022600,"8,490",15.0
Staten Island,022800,105,4.2
Staten Island,023100,"4,683",0.0
Staten Island,023900,"3,250",32.0
Staten Island,024401,"5,823",24.9
Staten Island,024402,"4,259",11.2
Staten Island,024700,"2,702",8.6
Staten Island,024800,"4,741",22.6
Staten Island,025100,"5,714",11.2
Staten Island,027301,"3,820",19.7
Staten Island,027302,"3,667",5.1
Staten Island,027702,"6,193",14.6
Staten Island,027704,"4,108",17.3
Staten Island,027705,"5,351",31.5
Staten Island,027706,"2,950",40.7
Staten Island,027900,"2,137",27.2
Staten Island,029102,"2,953",1.6
Staten Island,029103,"7,245",1.3
Staten Island,029104,"6,735",14.4
Staten Island,030301,"4,929",17.7
Staten Island,030302,"6,369",27.9
Staten Island,031901,"3,265",28.3
Staten Island,031902,"4,848",34.0
Staten Island,032300,"1,250",28.4
Staten Island,990100,0,1.3
,,,-
